id,class,arrival,burst,priority,deadline,mem_req,label
0,inference,4,4,10,10,457,Infer-0
1,inference,6,3,10,11,326,Infer-1
2,inference,13,1,10,15,345,Infer-2
3,inference,18,3,10,23,352,Infer-3
4,inference,19,3,10,24,384,Infer-4
5,training,21,53,2,-1,13967,Train-5
6,inference,22,4,10,28,491,Infer-6
7,inference,32,3,10,37,463,Infer-7
8,inference,33,2,10,36,395,Infer-8
9,inference,48,2,10,51,368,Infer-9
10,inference,48,4,10,54,300,Infer-10
11,inference,49,1,10,51,399,Infer-11
12,inference,57,2,10,60,433,Infer-12
13,inference,62,1,10,64,374,Infer-13
14,inference,68,3,10,73,428,Infer-14
15,inference,69,4,10,75,349,Infer-15
16,inference,100,4,10,106,387,Infer-16
17,inference,105,2,10,108,413,Infer-17
18,inference,113,3,10,118,492,Infer-18
19,inference,119,4,10,125,470,Infer-19
20,inference,124,3,10,129,288,Infer-20
21,inference,132,3,10,137,280,Infer-21
22,inference,137,3,10,142,286,Infer-22
23,inference,162,1,10,164,464,Infer-23
24,inference,169,2,10,172,410,Infer-24
25,inference,172,2,10,175,274,Infer-25
26,inference,174,4,10,180,506,Infer-26
27,inference,179,4,10,185,512,Infer-27
28,inference,186,1,10,188,316,Infer-28
29,inference,187,3,10,192,374,Infer-29
30,inference,191,4,10,197,420,Infer-30
31,inference,200,4,10,206,306,Infer-31
32,inference,205,2,10,208,402,Infer-32
33,inference,211,4,10,217,442,Infer-33
34,inference,211,3,10,216,353,Infer-34
35,inference,224,4,10,230,308,Infer-35
36,inference,228,2,10,231,429,Infer-36
37,inference,236,3,10,241,337,Infer-37
38,inference,239,4,10,245,423,Infer-38
39,inference,241,4,10,247,381,Infer-39
40,inference,268,4,10,274,466,Infer-40
41,inference,272,1,10,274,354,Infer-41
42,inference,278,1,10,280,356,Infer-42
43,inference,282,1,10,284,332,Infer-43
44,inference,290,4,10,296,364,Infer-44
45,inference,291,1,10,293,471,Infer-45
46,inference,293,1,10,295,406,Infer-46
47,inference,329,1,10,331,367,Infer-47
48,inference,333,4,10,339,340,Infer-48
49,inference,333,3,10,338,360,Infer-49
50,inference,335,1,10,337,363,Infer-50
51,inference,346,3,10,351,469,Infer-51
52,inference,353,1,10,355,273,Infer-52
53,inference,357,2,10,360,284,Infer-53
54,inference,378,3,10,383,363,Infer-54
55,inference,386,4,10,392,327,Infer-55
56,inference,387,4,10,393,404,Infer-56
57,inference,390,2,10,393,397,Infer-57
58,inference,399,3,10,404,297,Infer-58
59,inference,407,2,10,410,441,Infer-59
60,inference,414,1,10,416,265,Infer-60
61,inference,415,3,10,420,377,Infer-61
62,inference,431,1,10,433,460,Infer-62
63,inference,438,3,10,443,381,Infer-63
64,inference,440,3,10,445,399,Infer-64
65,inference,447,3,10,452,449,Infer-65
66,inference,447,2,10,450,296,Infer-66
67,inference,448,3,10,453,388,Infer-67
68,inference,467,3,10,472,332,Infer-68
69,inference,470,1,10,472,351,Infer-69
70,inference,480,2,10,483,306,Infer-70
71,inference,483,3,10,488,440,Infer-71
72,inference,489,3,10,494,274,Infer-72
73,inference,491,1,10,493,332,Infer-73
74,inference,499,3,10,504,434,Infer-74
75,inference,500,4,10,506,427,Infer-75
76,inference,509,1,10,511,507,Infer-76
77,inference,517,1,10,519,437,Infer-77
78,inference,522,4,10,528,361,Infer-78
79,inference,524,4,10,530,506,Infer-79
80,inference,542,3,10,547,495,Infer-80
81,inference,555,3,10,560,416,Infer-81
82,inference,559,3,10,564,275,Infer-82
83,inference,560,1,10,562,419,Infer-83
84,inference,569,2,10,572,384,Infer-84
85,inference,583,1,10,585,399,Infer-85
86,inference,586,3,10,591,480,Infer-86
87,inference,592,3,10,597,391,Infer-87
88,inference,597,1,10,599,503,Infer-88
89,inference,598,2,10,601,465,Infer-89
90,inference,601,3,10,606,261,Infer-90
91,inference,604,4,10,610,308,Infer-91
92,inference,611,1,10,613,480,Infer-92
93,inference,615,2,10,618,265,Infer-93
94,inference,617,4,10,623,443,Infer-94
95,inference,620,3,10,625,417,Infer-95
96,inference,630,1,10,632,289,Infer-96
97,inference,633,4,10,639,332,Infer-97
98,inference,635,1,10,637,412,Infer-98
99,inference,641,4,10,647,416,Infer-99
100,inference,641,1,10,643,327,Infer-100
101,preprocessing,649,10,5,679,1111,Prep-101
102,preprocessing,649,12,5,685,1640,Prep-102
103,preprocessing,649,9,5,676,1406,Prep-103
104,inference,661,1,10,663,444,Infer-104
105,inference,671,2,10,674,324,Infer-105
106,inference,676,2,10,679,353,Infer-106
107,inference,683,4,10,689,289,Infer-107
108,inference,692,3,10,697,385,Infer-108
109,inference,696,3,10,701,287,Infer-109
110,preprocessing,699,12,5,735,1278,Prep-110
111,preprocessing,699,10,5,729,1612,Prep-111
112,preprocessing,699,12,5,735,1132,Prep-112
113,inference,707,2,10,710,472,Infer-113
114,inference,712,4,10,718,394,Infer-114
115,inference,721,2,10,724,419,Infer-115
116,inference,735,4,10,741,460,Infer-116
117,training,749,59,2,-1,10228,Train-117
118,inference,750,1,10,752,420,Infer-118
119,inference,756,2,10,759,373,Infer-119
120,inference,756,3,10,761,383,Infer-120
121,inference,759,3,10,764,277,Infer-121
122,inference,760,2,10,763,465,Infer-122
123,inference,773,3,10,778,336,Infer-123
124,inference,782,3,10,787,355,Infer-124
125,training,784,55,2,-1,13357,Train-125
126,inference,806,1,10,808,450,Infer-126
127,inference,810,3,10,815,423,Infer-127
128,inference,825,1,10,827,337,Infer-128
129,inference,828,1,10,830,302,Infer-129
130,inference,830,3,10,835,347,Infer-130
131,inference,848,2,10,851,435,Infer-131
132,inference,850,4,10,856,340,Infer-132
133,preprocessing,858,10,5,888,1063,Prep-133
134,preprocessing,858,11,5,891,1633,Prep-134
135,preprocessing,858,12,5,894,1908,Prep-135
136,inference,864,4,10,870,489,Infer-136
137,inference,870,4,10,876,320,Infer-137
138,inference,872,1,10,874,344,Infer-138
139,inference,900,4,10,906,465,Infer-139
140,preprocessing,915,10,5,945,1184,Prep-140
141,preprocessing,915,11,5,948,1357,Prep-141
142,preprocessing,915,10,5,945,1509,Prep-142
143,training,917,59,2,-1,14448,Train-143
144,inference,920,4,10,926,380,Infer-144
145,inference,921,1,10,923,489,Infer-145
146,inference,925,3,10,930,275,Infer-146
147,inference,941,3,10,946,480,Infer-147
148,inference,959,2,10,962,362,Infer-148
149,inference,977,4,10,983,511,Infer-149
150,inference,978,1,10,980,383,Infer-150
151,inference,991,2,10,994,303,Infer-151
152,inference,998,2,10,1001,382,Infer-152
