policy,load,seed,total_jobs,makespan,throughput,avg_wait,avg_ta,avg_resp,deadline_count,deadline_miss_count,deadline_miss_rate,max_wait,starved_count,infer_avg_wait,infer_avg_ta,infer_avg_resp,infer_miss_rate,infer_max_wait,infer_starved,train_avg_wait,train_avg_ta,train_avg_resp,train_miss_rate,train_max_wait,train_starved,preproc_avg_wait,preproc_avg_ta,preproc_avg_resp,preproc_miss_rate,preproc_max_wait,preproc_starved
FCFS,light,1,103,1021,0.100881,2.4466,5.40777,2.4466,103,18,0.174757,26,0,1.6092,3.67816,1.6092,0.195402,26,0,0,0,0,0,0,0,7,14.8125,7,0.0625,21,0
SJF,light,1,103,1021,0.100881,1.73786,4.69903,1.73786,103,16,0.15534,21,0,0.563218,2.63218,0.563218,0.16092,6,0,0,0,0,0,0,0,8.125,15.9375,8.125,0.125,21,0
SRTF,light,1,103,1021,0.100881,1.5534,4.51456,1.34951,103,7,0.0679612,21,0,0.218391,2.28736,0.206897,0.0574713,4,0,0,0,0,0,0,0,8.8125,16.625,7.5625,0.125,21,0
RR-small,light,1,103,1021,0.100881,3,5.96117,0.786408,103,21,0.203883,23,0,0.977011,3.04598,0.494253,0.195402,14,0,0,0,0,0,0,0,14,21.8125,2.375,0.25,23,0
RR-large,light,1,103,1021,0.100881,2.69903,5.66019,2.28155,103,20,0.194175,25,0,1.48276,3.55172,1.48276,0.195402,25,0,0,0,0,0,0,0,9.3125,17.125,6.625,0.1875,21,0
MLFQ,light,1,103,1021,0.100881,2.93204,5.8932,0.524272,103,16,0.15534,23,0,0.931034,3,0.252874,0.149425,22,0,0,0,0,0,0,0,13.8125,21.625,2,0.1875,23,0
EDF,light,1,103,1021,0.100881,1.57282,4.53398,1.3301,103,6,0.0582524,21,0,0.195402,2.26437,0.172414,0.045977,4,0,0,0,0,0,0,0,9.0625,16.875,7.625,0.125,21,0
Hybrid,light,1,103,1021,0.100881,2.21359,5.17476,1.04854,103,8,0.0776699,27,0,0.195402,2.26437,0.172414,0.045977,4,0,0,0,0,0,0,0,13.1875,21,5.8125,0.25,27,0
FCFS,light,2,83,1000,0.083,1.98795,5.0241,1.98795,82,11,0.134146,23,0,1.2973,3.16216,1.2973,0.121622,21,0,0,40,0,0,0,0,8.625,17.875,8.625,0.25,23,0
SJF,light,2,83,1000,0.083,1.63855,4.6747,1.63855,82,9,0.109756,26,0,0.783784,2.64865,0.783784,0.0945946,16,0,0,40,0,0,0,0,9.75,19,9.75,0.25,26,0
SRTF,light,2,83,1000,0.083,0.939759,3.9759,0.554217,82,1,0.0121951,20,0,0.0810811,1.94595,0.0810811,0.0135135,3,0,20,60,0,0,20,0,6.5,15.75,5,0,15,0
RR-small,light,2,83,1000,0.083,1.9759,5.01205,0.409639,82,9,0.109756,20,0,0.527027,2.39189,0.297297,0.0945946,10,0,20,60,0,0,20,0,13.125,22.375,1.5,0.25,18,0
RR-large,light,2,83,1000,0.083,2.12048,5.15663,1.39759,82,8,0.097561,21,0,0.932432,2.7973,0.932432,0.108108,21,0,17,57,0,0,17,0,11.25,20.5,5.875,0,15,0
MLFQ,light,2,83,1000,0.083,1.6988,4.73494,0.228916,82,6,0.0731707,20,0,0.364865,2.22973,0.148649,0.0675676,10,0,20,60,0,0,20,0,11.75,21,1,0.125,19,0
EDF,light,2,83,1000,0.083,0.951807,3.98795,0.542169,82,1,0.0121951,20,0,0.0945946,1.95946,0.0675676,0.0135135,2,0,20,60,0,0,20,0,6.5,15.75,5,0,15,0
Hybrid,light,2,83,1000,0.083,1.43373,4.46988,0.289157,82,1,0.0121951,20,0,0.135135,2,0.0945946,0.0135135,2,0,20,60,0,0,20,0,11.125,20.375,2.125,0,15,0
FCFS,light,3,84,997,0.0842528,2.61905,6.80952,2.61905,80,9,0.1125,36,0,2.06757,4.09459,2.06757,0.108108,36,0,0,38.5,0,0,0,0,11.1667,19.1667,11.1667,0.166667,26,0
SJF,light,3,84,997,0.0842528,2.35714,6.54762,2.35714,80,9,0.1125,39,0,1.77027,3.7973,1.77027,0.0945946,39,0,0,38.5,0,0,0,0,11.1667,19.1667,11.1667,0.333333,26,0
SRTF,light,3,84,997,0.0842528,0.77381,4.96429,0.392857,80,0,0,19,0,0.0405405,2.06757,0.0405405,0,2,0,7,45.5,0,0,19,0,5.66667,13.6667,5,0,14,0
RR-small,light,3,84,997,0.0842528,1.42857,5.61905,0.285714,80,6,0.075,19,0,0.324324,2.35135,0.135135,0.0810811,4,0,7.5,46,0,0,19,0,11,19,2.33333,0,15,0
RR-large,light,3,84,997,0.0842528,1.72619,5.91667,1.11905,80,9,0.1125,19,0,0.72973,2.75676,0.72973,0.0945946,13,0,6.75,45.25,0,0,18,0,10.6667,18.6667,6.66667,0.333333,19,0
MLFQ,light,3,84,997,0.0842528,1.20238,5.39286,0.154762,80,1,0.0125,19,0,0.135135,2.16216,0.0135135,0.0135135,6,0,7.75,46.25,0,0,19,0,10,18,2,0,14,0
EDF,light,3,84,997,0.0842528,0.797619,4.9881,0.380952,80,0,0,19,0,0.027027,2.05405,0.027027,0,2,0,7.75,46.25,0,0,19,0,5.66667,13.6667,5,0,14,0
Hybrid,light,3,84,997,0.0842528,0.952381,5.14286,0.345238,80,0,0,19,0,0.0675676,2.09459,0.027027,0,2,0,7.25,45.75,0,0,19,0,7.66667,15.6667,4.5,0,14,0
FCFS,light,4,81,998,0.0811623,2.34568,5.60494,2.34568,80,15,0.1875,23,0,2.18571,4.28571,2.18571,0.214286,23,0,0,37,0,0,0,0,3.7,11.7,3.7,0,9,0
SJF,light,4,81,998,0.0811623,2.06173,5.32099,2.06173,80,14,0.175,24,0,1.74286,3.84286,1.74286,0.2,24,0,0,37,0,0,0,0,4.5,12.5,4.5,0,11,0
SRTF,light,4,81,998,0.0811623,1.09877,4.35802,0.728395,80,3,0.0375,16,0,0.2,2.3,0.2,0.0428571,3,0,9,46,0,0,9,0,6.6,14.6,4.5,0,16,0
RR-small,light,4,81,998,0.0811623,2.09877,5.35802,0.54321,80,13,0.1625,16,0,0.857143,2.95714,0.485714,0.185714,7,0,9,46,0,0,9,0,10.1,18.1,1,0,16,0
RR-large,light,4,81,998,0.0811623,2.16049,5.41975,1.79012,80,15,0.1875,16,0,1.55714,3.65714,1.55714,0.214286,14,0,8,45,0,0,8,0,5.8,13.8,3.6,0,16,0
MLFQ,light,4,81,998,0.0811623,2.06173,5.32099,0.271605,80,7,0.0875,16,0,0.728571,2.82857,0.171429,0.1,12,0,9,46,0,0,9,0,10.7,18.7,1,0,16,0
EDF,light,4,81,998,0.0811623,1.11111,4.37037,0.691358,80,2,0.025,16,0,0.185714,2.28571,0.157143,0.0285714,3,0,9,46,0,0,9,0,6.8,14.8,4.5,0,16,0
Hybrid,light,4,81,998,0.0811623,1.4321,4.69136,0.530864,80,4,0.05,17,0,0.2,2.3,0.2,0.0428571,3,0,9,46,0,0,9,0,9.3,17.3,2.9,0.1,17,0
FCFS,light,5,78,1035,0.0753623,22.9872,29.1538,22.9872,72,29,0.402778,119,4,20.8966,23.0172,20.8966,0.396552,119,2,19.6667,59.8333,19.6667,0,64,0,33.0714,41.4286,33.0714,0.428571,113,2
SJF,light,5,78,1035,0.0753623,10.2564,16.4231,10.2564,72,27,0.375,102,1,6.31034,8.43103,6.31034,0.362069,44,0,33.5,73.6667,33.5,0,102,1,16.6429,25,16.6429,0.428571,47,0
SRTF,light,5,78,1035,0.0753623,5.52564,11.6923,3.97436,72,5,0.0694444,125,2,0.362069,2.48276,0.362069,0.0517241,4,0,51.5,91.6667,33.5,0,125,2,7.21429,15.5714,6.28571,0.142857,21,0
RR-small,light,5,78,1035,0.0753623,13.1795,19.3462,2.83333,72,29,0.402778,139,3,4.5,6.62069,2.81034,0.396552,28,0,72.3333,112.5,2,0,139,3,23.7857,32.1429,3.28571,0.428571,64,0
RR-large,light,5,78,1035,0.0753623,15.8718,22.0385,9.85897,72,27,0.375,130,3,9.56897,11.6897,9.56897,0.37931,55,0,66.1667,106.333,7.83333,0,130,3,20.4286,28.7857,11.9286,0.357143,79,0
MLFQ,light,5,78,1035,0.0753623,10.7949,16.9615,0.423077,72,16,0.222222,178,3,1.13793,3.25862,0.189655,0.155172,22,0,80,120.167,0,0,178,3,21.1429,29.5,1.57143,0.5,44,0
EDF,light,5,78,1035,0.0753623,5.61538,11.7821,3.94872,72,3,0.0416667,134,2,0.310345,2.43103,0.241379,0.0344828,3,0,53.5,93.6667,34,0,134,2,7.07143,15.4286,6.42857,0.0714286,21,0
Hybrid,light,5,78,1035,0.0753623,7.79487,13.9615,1.70513,72,7,0.0972222,182,2,0.431034,2.55172,0.258621,0.0689655,3,0,68.5,108.667,7.66667,0,182,2,12.2857,20.6429,5.14286,0.214286,29,0
FCFS,light,6,92,997,0.0922768,3.11957,7.51087,3.11957,89,14,0.157303,30,0,2.46377,4.43478,2.46377,0.188406,30,0,0,37.6667,0,0,0,0,5.85,13.6,5.85,0.05,23,0
SJF,light,6,92,997,0.0922768,2.33696,6.72826,2.33696,89,12,0.134831,33,0,1.53623,3.50725,1.53623,0.15942,33,0,0,37.6667,0,0,0,0,5.45,13.2,5.45,0.05,26,0
SRTF,light,6,92,997,0.0922768,1.51087,5.90217,1.28261,89,2,0.0224719,27,0,0.130435,2.10145,0.130435,0.0144928,2,0,2,39.6667,0,0,6,0,6.2,13.95,5.45,0.05,27,0
RR-small,light,6,92,997,0.0922768,3.17391,7.56522,0.771739,89,16,0.179775,26,0,1,2.97101,0.652174,0.173913,15,0,2,39.6667,0,0,6,0,10.85,18.6,1.3,0.2,26,0
RR-large,light,6,92,997,0.0922768,3.08696,7.47826,2.36957,89,15,0.168539,25,0,1.63768,3.6087,1.63768,0.173913,23,0,2,39.6667,0,0,6,0,8.25,16,5.25,0.15,25,0
MLFQ,light,6,92,997,0.0922768,2.93478,7.32609,0.380435,89,11,0.123596,27,0,0.695652,2.66667,0.130435,0.101449,21,0,2,39.6667,0,0,6,0,10.8,18.55,1.3,0.2,27,0
EDF,light,6,92,997,0.0922768,1.53261,5.92391,1.22826,89,1,0.011236,27,0,0.0724638,2.04348,0.057971,0,1,0,2,39.6667,0,0,6,0,6.5,14.25,5.45,0.05,27,0
Hybrid,light,6,92,997,0.0922768,2.25,6.6413,1.1413,89,3,0.0337079,29,0,0.0869565,2.05797,0.057971,0,1,0,2,39.6667,0,0,6,0,9.75,17.5,5.05,0.15,29,0
FCFS,light,7,81,995,0.081407,4.7284,9.80247,4.7284,76,19,0.25,40,0,4.20312,6.23438,4.20312,0.265625,34,0,0,37,0,0,0,0,9.5,17.5,9.5,0.166667,40,0
SJF,light,7,81,995,0.081407,3.58025,8.65432,3.58025,76,13,0.171053,34,0,3.5625,5.59375,3.5625,0.203125,34,0,3.2,40.2,3.2,0,16,0,3.83333,11.8333,3.83333,0,12,0
SRTF,light,7,81,995,0.081407,1.20988,6.28395,0.839506,76,1,0.0131579,21,0,0.09375,2.125,0.09375,0.015625,2,0,7.6,44.6,3.2,0,21,0,4.5,12.5,3.83333,0,12,0
RR-small,light,7,81,995,0.081407,2.32099,7.39506,0.481481,76,8,0.105263,21,0,0.625,2.65625,0.359375,0.125,6,0,7.6,44.6,0,0,21,0,9.16667,17.1667,1.33333,0,16,0
RR-large,light,7,81,995,0.081407,2.8642,7.93827,2.06173,76,17,0.223684,22,0,1.70312,3.73438,1.70312,0.25,13,0,7.2,44.2,0,0,21,0,7.25,15.25,4.83333,0.0833333,22,0
MLFQ,light,7,81,995,0.081407,2.37037,7.44444,0.259259,76,5,0.0657895,33,0,0.34375,2.375,0.078125,0.046875,11,0,7.6,44.6,0,0,21,0,11,19,1.33333,0.166667,33,0
EDF,light,7,81,995,0.081407,1.23457,6.30864,0.777778,76,0,0,21,0,0.046875,2.07812,0.015625,0,2,0,7.6,44.6,3.2,0,21,0,4.91667,12.9167,3.83333,0,15,0
Hybrid,light,7,81,995,0.081407,1.79012,6.8642,0.54321,76,2,0.0263158,25,0,0.078125,2.10938,0.015625,0,2,0,7.6,44.6,1.2,0,21,0,8.5,16.5,3.08333,0.166667,25,0
FCFS,light,8,98,1034,0.0947776,8.19388,13.4898,8.19388,92,33,0.358696,54,0,7.625,9.61111,7.625,0.388889,54,0,10.8333,48,10.8333,0,46,0,9.45,17.1,9.45,0.25,26,0
SJF,light,8,98,1034,0.0947776,5.64286,10.9388,5.64286,92,30,0.326087,50,0,3.72222,5.70833,3.72222,0.333333,38,0,11.8333,49,11.8333,0,50,0,10.7,18.35,10.7,0.3,31,0
SRTF,light,8,98,1034,0.0947776,2.97959,8.27551,2.11224,92,4,0.0434783,70,0,0.152778,2.13889,0.152778,0.0277778,2,0,21.5,58.6667,11.8333,0,70,0,7.6,15.25,6.25,0.1,30,0
RR-small,light,8,98,1034,0.0947776,6.76531,12.0612,1.63265,92,30,0.326087,72,0,2.13889,4.125,1.52778,0.319444,17,0,34.8333,72,1,0,72,0,15,22.65,2.2,0.35,23,0
RR-large,light,8,98,1034,0.0947776,7.2449,12.5408,5.06122,92,32,0.347826,70,0,4.51389,6.5,4.51389,0.375,28,0,30.8333,68,4.5,0,70,0,10,17.65,7.2,0.25,22,0
MLFQ,light,8,98,1034,0.0947776,6,11.2959,0.316327,92,16,0.173913,72,0,0.75,2.73611,0.125,0.0972222,11,0,39.5,76.6667,0.333333,0,72,0,14.85,22.5,1,0.45,31,0
EDF,light,8,98,1034,0.0947776,3.15306,8.44898,2.29592,92,4,0.0434783,72,0,0.277778,2.26389,0.25,0.0277778,7,0,21.8333,59,11.8333,0,72,0,7.9,15.55,6.8,0.1,22,0
Hybrid,light,8,98,1034,0.0947776,4.18367,9.47959,1.71429,92,5,0.0543478,72,0,0.138889,2.125,0.0972222,0,2,0,32,69.1667,9.16667,0,72,0,10.4,18.05,5.3,0.25,26,0
FCFS,light,9,84,981,0.0856269,6.71429,11.4405,6.71429,79,23,0.291139,45,0,5.63768,7.43478,5.63768,0.275362,45,0,3,41.6,3,0,15,0,16,24,16,0.4,34,0
SJF,light,9,84,981,0.0856269,4.80952,9.53571,4.80952,79,19,0.240506,39,0,3.05797,4.85507,3.05797,0.202899,36,0,3.6,42.2,3.6,0,18,0,17.5,25.5,17.5,0.5,39,0
SRTF,light,9,84,981,0.0856269,1.96429,6.69048,0.964286,79,3,0.0379747,59,0,0.130435,1.92754,0.115942,0.0289855,2,0,19.2,57.8,3.6,0,59,0,6,14,5.5,0.1,21,0
RR-small,light,9,84,981,0.0856269,4.47619,9.20238,0.97619,79,20,0.253165,59,0,1.37681,3.17391,0.898551,0.217391,11,0,22.4,61,0,0,59,0,16.9,24.9,2,0.5,34,0
RR-large,light,9,84,981,0.0856269,4.89286,9.61905,2.92857,79,22,0.278481,52,0,2.36232,4.15942,2.36232,0.26087,26,0,21,59.6,0,0,52,0,14.3,22.3,8.3,0.4,36,0
MLFQ,light,9,84,981,0.0856269,3.35714,8.08333,0.22619,79,10,0.126582,59,0,0.391304,2.18841,0.130435,0.101449,5,0,22.6,61.2,0,0,59,0,14.2,22.2,1,0.3,36,0
EDF,light,9,84,981,0.0856269,1.96429,6.69048,0.916667,79,2,0.0253165,59,0,0.115942,1.91304,0.057971,0.0144928,2,0,19.2,57.8,3.6,0,59,0,6.1,14.1,5.5,0.1,21,0
Hybrid,light,9,84,981,0.0856269,2.66667,7.39286,0.761905,79,3,0.0379747,59,0,0.144928,1.94203,0.0724638,0.0144928,2,0,19.4,58,1.4,0,59,0,11.7,19.7,5.2,0.2,28,0
FCFS,light,10,102,998,0.102204,20.1765,25.6078,20.1765,95,52,0.547368,87,0,20.2857,22.2597,20.2857,0.597403,83,0,16.1429,53.5714,16.1429,0,39,0,21.2778,29.0556,21.2778,0.333333,87,0
SJF,light,10,102,998,0.102204,10.0294,15.4608,10.0294,95,44,0.463158,70,0,8.36364,10.3377,8.36364,0.532468,36,0,29.4286,66.8571,29.4286,0,70,0,9.61111,17.3889,9.61111,0.166667,42,0
SRTF,light,10,102,998,0.102204,4.23529,9.66667,2.69608,95,6,0.0631579,84,0,0.324675,2.2987,0.311688,0.0649351,4,0,40.5714,78,20.4286,0,84,0,6.83333,14.6111,6,0.0555556,19,0
RR-small,light,10,102,998,0.102204,10.3333,15.7647,2.68627,95,50,0.526316,125,1,4,5.97403,2.62338,0.545455,22,0,63,100.429,1.14286,0,125,1,16.9444,24.7222,3.55556,0.444444,37,0
RR-large,light,10,102,998,0.102204,12.6569,18.0882,8.71569,95,51,0.536842,111,1,8.62338,10.5974,8.62338,0.584416,37,0,56.5714,94,5.28571,0,111,1,12.8333,20.6111,10.4444,0.333333,34,0
MLFQ,light,10,102,998,0.102204,8.57843,14.0098,0.539216,95,21,0.221053,133,2,1.01299,2.98701,0.233766,0.155844,13,0,68.7143,106.143,0.142857,0,133,2,17.5556,25.3333,2,0.5,36,0
EDF,light,10,102,998,0.102204,4.51961,9.95098,3.02941,95,1,0.0105263,84,0,0.181818,2.15584,0.155844,0.012987,2,0,47.2857,84.7143,29.4286,0,84,0,6.44444,14.2222,5.05556,0,17,0
Hybrid,light,10,102,998,0.102204,6.53922,11.9706,1.16667,95,7,0.0736842,137,2,0.311688,2.28571,0.246753,0.038961,3,0,66.2857,103.714,4.14286,0,137,2,9.94444,17.7222,3.94444,0.222222,20,0
FCFS,medium,1,176,1053,0.167142,42.0057,46.8125,42.0057,172,124,0.72093,151,28,42.3931,44.8414,42.3931,0.744828,151,23,31.75,88.25,31.75,0,55,0,41.4444,51.2593,41.4444,0.592593,142,5
SJF,medium,1,176,1053,0.167142,15.0455,19.8523,15.0455,172,107,0.622093,200,6,7.62759,10.0759,7.62759,0.62069,86,0,83.25,139.75,83.25,0,200,2,44.7778,54.5926,44.7778,0.62963,158,4
SRTF,medium,1,176,1053,0.167142,7.38068,12.1875,5.5,172,41,0.238372,231,3,1,3.44828,0.965517,0.186207,10,0,147,203.5,83.25,0,231,3,20.963,30.7778,18.3333,0.518519,66,0
RR-small,medium,1,176,1053,0.167142,21.6364,26.4432,7.91477,172,132,0.767442,276,7,12.0621,14.5103,7.86897,0.731034,48,0,167.25,223.75,9.75,0,276,3,51.4815,61.2963,7.88889,0.962963,135,4
RR-large,medium,1,176,1053,0.167142,26.2841,31.0909,20.3466,172,127,0.738372,278,7,19.9586,22.4069,19.9586,0.744828,81,0,154.25,210.75,21,0,278,3,41.2963,51.1111,22.3333,0.703704,127,4
MLFQ,medium,1,176,1053,0.167142,16.2273,21.0341,0.948864,172,80,0.465116,330,7,3.2,5.64828,0.648276,0.386207,38,0,212.25,268.75,1,0,330,3,57.1481,66.963,2.55556,0.888889,160,4
EDF,medium,1,176,1053,0.167142,8.36364,13.1705,6.47159,172,57,0.331395,231,3,2.34483,4.7931,2.26897,0.303448,23,0,154,210.5,83.25,0,231,3,19.1111,28.9259,17.6667,0.481481,50,0
Hybrid,medium,1,176,1053,0.167142,12.7045,17.5114,2.63068,172,53,0.30814,387,5,0.972414,3.42069,0.82069,0.2,7,0,221.75,278.25,13.25,0,387,3,44.7407,54.5556,10.7778,0.888889,138,2
FCFS,medium,2,157,1052,0.14924,55.7643,61.758,55.7643,151,132,0.874172,109,6,55.9685,58.5827,55.9685,0.874016,107,5,24,86,24,0,57,0,62.625,72.5,62.625,0.875,109,1
SJF,medium,2,157,1052,0.14924,24,29.9936,24,151,107,0.708609,179,4,16.5354,19.1496,16.5354,0.685039,84,0,59.5,121.5,59.5,0,179,1,54.625,64.5,54.625,0.833333,147,3
SRTF,medium,2,157,1052,0.14924,9.43949,15.4331,6.80255,151,27,0.178808,193,4,0.653543,3.26772,0.614173,0.0866142,7,0,117.667,179.667,59.5,0,193,4,28.875,38.75,26.375,0.666667,69,0
RR-small,medium,2,157,1052,0.14924,25.2229,31.2166,7.41401,151,129,0.854305,256,5,11.622,14.2362,7.55118,0.826772,37,0,172.833,234.833,3.66667,0,256,5,60.2917,70.1667,7.625,1,92,0
RR-large,medium,2,157,1052,0.14924,30.7962,36.7898,21.6943,151,134,0.887417,174,4,21.1575,23.7717,21.1575,0.874016,54,0,136,198,11.3333,0,174,4,55.5,65.375,27.125,0.958333,92,0
MLFQ,medium,2,157,1052,0.14924,19.4713,25.465,0.834395,151,67,0.443709,287,5,3.81102,6.4252,0.551181,0.346457,37,0,189.333,251.333,0.166667,0,287,5,59.875,69.75,2.5,0.958333,91,0
EDF,medium,2,157,1052,0.14924,10.5796,16.5732,7.23567,151,44,0.291391,234,4,2.17323,4.7874,2.15748,0.220472,24,0,140.833,202.833,61.5,0,234,4,22.5,32.375,20.5417,0.666667,42,0
Hybrid,medium,2,157,1052,0.14924,14.0064,20,2.96178,151,41,0.271523,269,5,0.913386,3.52756,0.779528,0.149606,7,0,175,237,8.33333,0,269,5,43.0417,52.9167,13.1667,0.916667,84,0
FCFS,medium,3,143,1064,0.134398,22.7902,28.0559,22.7902,138,71,0.514493,138,8,20.6,22.925,20.6,0.525,138,6,21.2,79,21.2,0,86,0,37.8333,48.1111,37.8333,0.444444,113,2
SJF,medium,3,143,1064,0.134398,12.0909,17.3566,12.0909,138,63,0.456522,137,1,8.53333,10.8583,8.53333,0.45,68,0,31,88.8,31,0,137,1,30.5556,40.8333,30.5556,0.5,90,0
SRTF,medium,3,143,1064,0.134398,4.45455,9.72028,3.23776,138,16,0.115942,172,1,0.483333,2.80833,0.433333,0.0833333,5,0,57.8,115.6,31,0,172,1,16.1111,26.3889,14.2222,0.333333,40,0
RR-small,medium,3,143,1064,0.134398,10.2098,15.4755,2.67133,138,71,0.514493,172,2,3.71667,6.04167,2.48333,0.441667,25,0,76.2,134,2.4,0,172,2,35.1667,45.4444,4,1,54,0
RR-large,medium,3,143,1064,0.134398,13.1608,18.4266,8.27273,138,72,0.521739,172,2,7.34167,9.66667,7.34167,0.491667,49,0,76,133.8,6.4,0,172,2,34.5,44.7778,15,0.722222,62,0
MLFQ,medium,3,143,1064,0.134398,8.58741,13.8531,0.517483,138,38,0.275362,182,2,1.53333,3.85833,0.216667,0.175,18,0,78.8,136.6,0,0,182,2,36.1111,46.3889,2.66667,0.944444,61,0
EDF,medium,3,143,1064,0.134398,4.97203,10.2378,3.72727,138,20,0.144928,182,2,0.683333,3.00833,0.616667,0.116667,10,0,67.8,125.6,40.8,0,182,2,16.1111,26.3889,14.1667,0.333333,35,0
Hybrid,medium,3,143,1064,0.134398,6.08392,11.3497,1.40559,138,23,0.166667,182,2,0.483333,2.80833,0.375,0.075,4,0,70.8,128.6,4,0,182,2,25.4444,35.7222,7.55556,0.777778,45,0
FCFS,medium,4,161,1294,0.12442,141.391,148.758,141.391,152,122,0.802632,347,78,136.776,139.388,136.776,0.793103,347,55,143.111,200,143.111,0,287,5,155.833,166.139,155.833,0.833333,341,18
SJF,medium,4,161,1294,0.12442,34.1056,41.472,34.1056,152,98,0.644737,648,12,10.3879,13,10.3879,0.62931,66,0,283.556,340.444,283.556,0,648,7,48.1667,58.4722,48.1667,0.694444,164,5
SRTF,medium,4,161,1294,0.12442,25.8944,33.2609,22.9565,152,29,0.190789,648,9,0.551724,3.16379,0.508621,0.103448,5,0,323.333,380.222,283.556,0,648,7,33.1944,43.5,30.1389,0.472222,182,2
RR-small,medium,4,161,1294,0.12442,72.3168,79.6832,18.7764,152,128,0.842105,627,31,28.0172,30.6293,17.9569,0.793103,86,0,432,488.889,22.7778,0,627,7,125.139,135.444,20.4167,1,235,24
RR-large,medium,4,161,1294,0.12442,90.9752,98.3416,56.4286,152,124,0.815789,607,58,54.1724,56.7845,54.1724,0.784483,149,31,416.556,473.444,60.8889,0,607,7,128.167,138.472,62.5833,0.916667,283,20
MLFQ,medium,4,161,1294,0.12442,65.7267,73.0932,0.925466,152,78,0.513158,646,32,5.61207,8.22414,0.594828,0.37069,83,0,432.556,489.444,0.555556,0,646,7,167.722,178.028,2.08333,0.972222,574,25
EDF,medium,4,161,1294,0.12442,29.8944,37.2609,27.4099,152,61,0.401316,488,7,7.41379,10.0259,7.39655,0.353448,55,0,328.778,385.667,288.889,0,488,7,27.6111,37.9167,26.5278,0.555556,77,0
Hybrid,medium,4,161,1294,0.12442,37.9689,45.3354,5.7764,152,45,0.296053,648,17,0.715517,3.32759,0.534483,0.112069,5,0,395,451.889,27.3333,0,648,7,68.75,79.0556,17.2778,0.888889,156,10
FCFS,medium,5,145,1018,0.142436,59.9241,66.6897,59.9241,139,129,0.928058,143,23,62.07,64.61,62.07,0.96,143,18,50.3333,106,50.3333,0,93,0,55.8974,65.9744,55.8974,0.846154,140,5
SJF,medium,5,145,1018,0.142436,26.6069,33.3724,26.6069,139,103,0.741007,163,10,12.3,14.84,12.3,0.73,60,0,86,141.667,86,0,163,3,54.1538,64.2308,54.1538,0.769231,153,7
SRTF,medium,5,145,1018,0.142436,14.9241,21.6897,10.5793,139,40,0.28777,262,6,0.74,3.28,0.68,0.18,6,0,174.167,229.833,86,0,262,5,26.7949,36.8718,24.359,0.564103,117,1
RR-small,medium,5,145,1018,0.142436,39.0759,45.8414,10.6414,139,129,0.928058,267,13,16.75,19.29,10.79,0.91,49,0,218.333,274,10.3333,0,267,6,68.7436,78.8205,10.3077,0.974359,131,7
RR-large,medium,5,145,1018,0.142436,44.2345,51,30.0414,139,130,0.935252,252,12,29.83,32.37,29.83,0.96,75,0,174.333,230,28.3333,0,252,5,61.1538,71.2308,30.8462,0.871795,130,7
MLFQ,medium,5,145,1018,0.142436,34.2345,41,0.868966,139,67,0.482014,358,18,4.71,7.25,0.36,0.29,39,0,271.5,327.167,0,0,358,6,73.4359,83.5128,2.30769,0.974359,224,12
EDF,medium,5,145,1018,0.142436,17.2828,24.0483,13.0414,139,55,0.395683,262,5,4.53,7.07,4.48,0.3,48,0,179.667,235.333,86,0,262,5,25,35.0769,23.7692,0.641026,67,0
Hybrid,medium,5,145,1018,0.142436,30.3103,37.0759,4.92414,139,46,0.330935,508,15,0.83,3.37,0.59,0.12,5,0,292,347.667,20.6667,0,508,6,65.641,75.7179,13.6154,0.871795,173,9
FCFS,medium,6,161,1106,0.14557,66.5839,73.1429,66.5839,154,139,0.902597,180,40,69.5678,72.0254,69.5678,0.940678,180,32,51.1429,107.714,51.1429,0,97,0,59.8056,70.0833,59.8056,0.777778,176,8
SJF,medium,6,161,1106,0.14557,26.6957,33.2547,26.6957,154,120,0.779221,358,5,17.1356,19.5932,17.1356,0.805085,92,0,96.2857,152.857,96.2857,0,358,2,44.5,54.7778,44.5,0.694444,151,3
SRTF,medium,6,161,1106,0.14557,13.2547,19.8137,10.9689,154,30,0.194805,412,5,0.661017,3.11864,0.661017,0.110169,12,0,140.571,197.143,96.2857,0,412,3,29.7778,40.0556,28.1667,0.472222,156,2
RR-small,medium,6,161,1106,0.14557,32.913,39.472,9.18634,154,141,0.915584,331,13,13.6864,16.1441,8.88983,0.90678,53,0,202.857,259.429,10,0,331,5,62.8889,73.1667,10,0.944444,121,8
RR-large,medium,6,161,1106,0.14557,40.0932,46.6522,27.0559,154,143,0.928571,295,10,26.2203,28.678,26.2203,0.932203,74,0,179.571,236.143,26.4286,0,295,5,58.4444,68.7222,29.9167,0.916667,120,5
MLFQ,medium,6,161,1106,0.14557,29.9876,36.5466,0.931677,154,65,0.422078,392,17,2.86441,5.32203,0.525424,0.262712,38,0,249.714,306.286,0.142857,0,392,6,76.1667,86.4444,2.41667,0.944444,231,11
EDF,medium,6,161,1106,0.14557,15.2112,21.7702,11.7143,154,46,0.298701,324,5,3.47458,5.9322,3.44068,0.262712,40,0,174.429,231,99.2857,0,324,5,22.7222,33,21.8056,0.416667,66,0
Hybrid,medium,6,161,1106,0.14557,22.9006,29.4596,4.56522,154,46,0.298701,504,9,0.864407,3.32203,0.720339,0.118644,11,0,238.857,295.429,22,0,504,4,53.1389,63.4167,13.7778,0.888889,142,5
FCFS,medium,7,134,1011,0.132542,13,17.8209,13,130,56,0.430769,65,0,12.822,15.2712,12.822,0.423729,65,0,0,61,0,0,0,0,19.0833,28.5,19.0833,0.5,55,0
SJF,medium,7,134,1011,0.132542,9.33582,14.1567,9.33582,130,49,0.376923,85,0,7.71186,10.161,7.71186,0.364407,71,0,0,61,0,0,0,0,28.4167,37.8333,28.4167,0.5,85,0
SRTF,medium,7,134,1011,0.132542,2.54478,7.36567,1.52239,130,13,0.1,78,0,0.440678,2.88983,0.398305,0.0762712,5,0,25,86,0,0,78,0,15.75,25.1667,13.0833,0.333333,32,0
RR-small,medium,7,134,1011,0.132542,5.8209,10.6418,1.82836,130,48,0.369231,78,0,2.82203,5.27119,1.77119,0.313559,20,0,26,87,0,0,78,0,28.5833,38,3,0.916667,53,0
RR-large,medium,7,134,1011,0.132542,7.75373,12.5746,6.00746,130,56,0.430769,78,0,5.60169,8.05085,5.60169,0.40678,39,0,25,86,0,0,78,0,23.1667,32.5833,12,0.666667,53,0
MLFQ,medium,7,134,1011,0.132542,4.74627,9.56716,0.5,130,26,0.2,78,0,1.26271,3.71186,0.364407,0.127119,21,0,28,89,0,0,78,0,31.25,40.6667,2,0.916667,63,0
EDF,medium,7,134,1011,0.132542,2.73881,7.5597,1.61194,130,14,0.107692,78,0,0.601695,3.05085,0.5,0.0847458,12,0,28,89,0,0,78,0,15.3333,24.75,13.0833,0.333333,30,0
Hybrid,medium,7,134,1011,0.132542,3.48507,8.30597,0.902985,130,16,0.123077,78,0,0.474576,2.92373,0.338983,0.0762712,5,0,28,89,0,0,78,0,24.9167,34.3333,6.75,0.583333,55,0
FCFS,medium,8,133,988,0.134615,33.7143,38.6241,33.7143,129,63,0.488372,136,20,31.0684,33.6752,31.0684,0.478632,134,14,15,71.5,15,0,60,0,65.75,75.9167,65.75,0.583333,136,6
SJF,medium,8,133,988,0.134615,13.782,18.6917,13.782,129,46,0.356589,191,5,8.2906,10.8974,8.2906,0.333333,67,0,49.75,106.25,49.75,0,191,1,55.3333,65.5,55.3333,0.583333,131,4
SRTF,medium,8,133,988,0.134615,4.50376,9.41353,2.96241,129,7,0.0542636,209,2,0.367521,2.97436,0.367521,0.034188,5,0,98.25,154.75,49.75,0,209,2,13.5833,23.75,12.6667,0.25,47,0
RR-small,medium,8,133,988,0.134615,11.9173,16.8271,3.3609,129,58,0.449612,209,2,5.42735,8.03419,3.26496,0.42735,34,0,116.5,173,0.5,0,209,2,40.3333,50.5,5.25,0.666667,87,0
RR-large,medium,8,133,988,0.134615,17.3158,22.2256,12.0451,129,63,0.488372,209,2,11.8462,14.453,11.8462,0.461538,52,0,115,171.5,1.5,0,209,2,38.0833,48.25,17.5,0.75,85,0
MLFQ,medium,8,133,988,0.134615,9.17293,14.0827,0.368421,129,23,0.178295,209,4,1.13675,3.74359,0.188034,0.111111,15,0,109,165.5,0,0,209,2,54.25,64.4167,2.25,0.833333,120,2
EDF,medium,8,133,988,0.134615,4.63158,9.54135,3.05263,129,7,0.0542636,209,2,0.521368,3.12821,0.504274,0.034188,16,0,98.25,154.75,49.75,0,209,2,13.5,23.6667,12.3333,0.25,36,0
Hybrid,medium,8,133,988,0.134615,6.54135,11.4511,1.04511,129,13,0.100775,211,2,0.452991,3.05983,0.34188,0.0512821,3,0,108.75,165.25,4.25,0,211,2,31.8333,42,6.83333,0.583333,80,0
FCFS,medium,9,141,1049,0.134414,113.191,120.39,113.191,132,122,0.924242,245,74,116.602,118.944,116.602,0.925926,245,58,79.2222,137.889,79.2222,0,205,3,110.583,120.333,110.583,0.916667,197,13
SJF,medium,9,141,1049,0.134414,36.1489,43.3475,36.1489,132,97,0.734848,506,9,18.4444,20.787,18.4444,0.712963,70,0,133.444,192.111,133.444,0,506,3,79.3333,89.0833,79.3333,0.833333,228,6
SRTF,medium,9,141,1049,0.134414,16.0638,23.2624,11.9716,132,17,0.128788,533,5,0.416667,2.75926,0.388889,0.0648148,7,0,174.222,232.889,117,0,533,4,27.1667,36.9167,24.7083,0.416667,137,1
RR-small,medium,9,141,1049,0.134414,46.1631,53.3617,12.7234,132,123,0.931818,471,17,18.463,20.8056,12.6944,0.935185,56,0,260.444,319.111,10.6667,0,471,7,90.4583,100.208,13.625,0.916667,151,10
RR-large,medium,9,141,1049,0.134414,63.0426,70.2411,41.2057,132,121,0.916667,449,16,41.1574,43.5,41.1574,0.916667,88,0,245,303.667,32,0,449,6,93.2917,103.042,44.875,0.916667,146,10
MLFQ,medium,9,141,1049,0.134414,39.1277,46.3262,0.751773,132,47,0.356061,510,19,2.43519,4.77778,0.453704,0.231481,36,0,294.222,352.889,0,0,510,8,108.583,118.333,2.375,0.916667,286,11
EDF,medium,9,141,1049,0.134414,18.4894,25.6879,15.6383,132,44,0.333333,339,6,3.47222,5.81481,3.44444,0.259259,32,0,178.444,237.111,136.667,0,339,6,26.0833,35.8333,25.125,0.666667,52,0
Hybrid,medium,9,141,1049,0.134414,25.5461,32.7447,4.22695,132,33,0.25,451,9,0.685185,3.02778,0.537037,0.101852,8,0,253.444,312.111,17.6667,0,451,7,51.9583,61.7083,15.7917,0.916667,113,2
FCFS,medium,10,192,1043,0.184084,115.5,120.714,115.5,190,170,0.894737,266,102,119.23,121.748,119.23,0.913669,266,77,164.5,222.5,164.5,0,209,2,103.412,113.902,103.412,0.843137,264,23
SJF,medium,10,192,1043,0.184084,38.0312,43.2448,38.0312,190,124,0.652632,464,18,8.00719,10.5252,8.00719,0.661871,52,0,449,507,449,0,464,2,103.745,114.235,103.745,0.627451,402,16
SRTF,medium,10,192,1043,0.184084,34.0625,39.276,32.7708,190,62,0.326316,494,18,0.863309,3.38129,0.805755,0.165468,10,0,475,533,449,0,494,2,107.255,117.745,103.569,0.764706,402,16
RR-small,medium,10,192,1043,0.184084,87.7135,92.9271,30.0677,190,178,0.936842,565,52,46.5827,49.1007,30.036,0.913669,139,15,510.5,568.5,49,0,565,2,183.235,193.725,29.4118,1,325,35
RR-large,medium,10,192,1043,0.184084,94.901,100.115,72.8698,190,174,0.915789,554,74,72.8129,75.3309,72.8129,0.913669,160,41,505,563,127.5,0,554,2,139.02,149.51,70.8824,0.921569,267,31
MLFQ,medium,10,192,1043,0.184084,93.4844,98.6979,1.45312,190,115,0.605263,621,42,14.295,16.8129,0.697842,0.460432,114,1,513,571,1,0,570,2,292.863,303.353,3.52941,1,621,39
EDF,medium,10,192,1043,0.184084,62.8438,68.0573,62.4271,190,136,0.715789,495,52,49.0935,51.6115,49.0432,0.640288,143,29,475.5,533.5,449,0,495,2,84.1373,94.6275,83.7451,0.921569,161,21
Hybrid,medium,10,192,1043,0.184084,58.2344,63.4479,17.0417,190,69,0.363158,570,37,0.841727,3.35971,0.625899,0.136691,6,0,513,571,28,0,570,2,196.824,207.314,61.3529,0.980392,518,35
FCFS,overloaded,1,295,1601,0.18426,328.186,333.539,328.186,292,282,0.965753,627,214,333.27,336.295,333.27,0.970954,627,174,269,342,269,0,342,3,307.647,320.02,307.647,0.941176,602,37
SJF,overloaded,1,295,1601,0.18426,83.1864,88.539,83.1864,292,217,0.743151,1194,43,7.6556,10.6805,7.6556,0.713693,38,0,1023.33,1096.33,1023.33,0,1194,3,384.804,397.176,384.804,0.882353,1077,40
SRTF,overloaded,1,295,1601,0.18426,81.0915,86.4441,79.0644,292,152,0.520548,1194,45,3.56846,6.59336,3.51037,0.435685,33,0,1023.33,1096.33,1023.33,0,1194,3,392,404.373,380.549,0.921569,1077,42
RR-small,overloaded,1,295,1601,0.18426,229.441,234.793,84.9797,292,286,0.979452,1191,200,149.755,152.78,86.4025,0.975104,322,149,1093.67,1166.67,80.3333,0,1191,3,555.157,567.529,78.5294,1,884,48
RR-large,overloaded,1,295,1601,0.18426,245.054,250.407,193.827,292,285,0.976027,1185,210,197.581,200.606,197.581,0.970954,408,164,1091,1164,181.333,0,1185,3,419.627,432,176.824,1,700,43
MLFQ,overloaded,1,295,1601,0.18426,221.095,226.447,2.72542,292,241,0.825342,1214,174,102.071,105.095,2.13693,0.788382,398,122,1094.33,1167.33,3.33333,0,1191,3,732.176,744.549,5.47059,1,1214,49
EDF,overloaded,1,295,1601,0.18426,203.139,208.492,203.034,292,278,0.952055,1051,206,191.905,194.929,191.896,0.946058,408,163,1026.33,1099.33,1026.33,0,1051,3,207.804,220.176,207.235,0.980392,412,40
Hybrid,overloaded,1,295,1601,0.18426,133.231,138.583,47.0983,292,205,0.702055,1178,52,5.05809,8.08299,4.85892,0.639004,26,0,1080.67,1153.67,19.3333,0,1178,3,683.176,695.549,248.333,1,1151,49
FCFS,overloaded,2,273,1990,0.137186,484.022,491.308,484.022,265,263,0.992453,1000,256,491.202,494.159,491.202,1,1000,197,450.625,530.125,450.625,0,798,7,462.509,475.456,462.509,0.964912,989,52
SJF,overloaded,2,273,1990,0.137186,99.1429,106.429,99.1429,265,199,0.750943,1356,39,6.66346,9.62019,6.66346,0.721154,30,0,1112.5,1192,1112.5,0,1356,8,294.386,307.333,294.386,0.859649,1134,31
SRTF,overloaded,2,273,1990,0.137186,97.1282,104.414,95.6227,265,127,0.479245,1356,39,2.21635,5.17308,2.19712,0.350962,22,0,1112.5,1192,1112.5,0,1356,8,300.965,313.912,293.825,0.947368,1134,31
RR-small,overloaded,2,273,1990,0.137186,278.755,286.04,89.1172,265,265,1,1655,199,155.817,158.774,90.2452,1,312,137,1337.38,1416.88,86.5,0,1655,8,578.789,591.737,85.3684,1,907,54
RR-large,overloaded,2,273,1990,0.137186,310.784,318.07,227.916,265,265,1,1595,242,230.769,233.726,230.769,1,455,181,1309.5,1389,223.625,0,1595,8,462.596,475.544,218.105,1,754,53
MLFQ,overloaded,2,273,1990,0.137186,254.645,261.93,1.51648,265,212,0.8,1757,131,69.5721,72.5288,1.23558,0.745192,275,66,1362.12,1441.62,1.25,0,1757,8,774.561,787.509,2.57895,1,1113,57
EDF,overloaded,2,273,1990,0.137186,198.476,205.762,198.407,265,261,0.984906,1317,217,165.288,168.245,165.288,0.985577,364,161,1117.38,1196.88,1117.38,0,1317,8,190.614,203.561,190.281,0.982456,376,48
Hybrid,overloaded,2,273,1990,0.137186,174.223,181.509,42.2894,265,148,0.558491,1745,63,2.69712,5.65385,2.44231,0.4375,14,0,1323.62,1403.12,45.25,0,1745,8,638.825,651.772,187.281,1,1137,55
FCFS,overloaded,3,259,1863,0.139023,425.664,432.842,425.664,251,248,0.988048,886,223,423.96,426.935,423.96,0.995,886,171,430.875,509.5,430.875,0,755,7,431.529,443.98,431.529,0.960784,884,45
SJF,overloaded,3,259,1863,0.139023,78.0347,85.2124,78.0347,251,209,0.832669,1368,32,7.64,10.615,7.64,0.815,40,0,947,1025.62,947,0,1368,8,217.784,230.235,217.784,0.901961,1102,24
SRTF,overloaded,3,259,1863,0.139023,75.6718,82.8494,73.8726,251,124,0.494024,1368,33,2.31,5.285,2.25,0.38,18,0,947,1025.62,947,0,1368,8,226.686,239.137,217.784,0.941176,1102,25
RR-small,overloaded,3,259,1863,0.139023,216.537,223.714,70.4131,251,250,0.996016,1536,164,118.96,121.935,70.315,0.995,246,108,1187.5,1266.12,77,0,1536,8,446.882,459.333,69.7647,1,691,48
RR-large,overloaded,3,259,1863,0.139023,245.085,252.263,175.965,251,249,0.992032,1456,196,174.555,177.53,174.555,0.995,359,144,1178.88,1257.5,188.5,0,1456,8,375.196,387.647,179.529,0.980392,594,44
MLFQ,overloaded,3,259,1863,0.139023,197.104,204.282,1.51351,251,208,0.828685,1608,82,41.19,44.165,1.105,0.785,212,23,1188.25,1266.88,1.125,0,1608,8,653.059,665.51,3.17647,1,1216,51
EDF,overloaded,3,259,1863,0.139023,147.985,155.162,147.9,251,247,0.984064,1104,179,114.97,117.945,114.97,0.98,244,133,989.125,1067.75,989.125,0,1104,8,145.51,157.961,145.078,1,265,38
Hybrid,overloaded,3,259,1863,0.139023,140.815,147.992,31.3707,251,150,0.59761,1498,58,3.18,6.155,2.92,0.495,18,0,1158.12,1236.75,55,0,1498,8,520.98,533.431,139.235,1,1021,50
FCFS,overloaded,4,259,2086,0.124161,449.328,457.108,449.328,250,233,0.932,1090,227,450.922,453.969,450.922,0.92228,1090,170,614,694,614,0,995,9,417.93,430.333,417.93,0.964912,993,48
SJF,overloaded,4,259,2086,0.124161,119.181,126.961,119.181,250,191,0.764,1828,48,5.95855,9.00518,5.95855,0.720207,33,0,927.111,1007.11,927.111,0,1828,9,374.982,387.386,374.982,0.912281,983,39
SRTF,overloaded,4,259,2086,0.124161,117.826,125.606,116.583,250,137,0.548,1828,48,2.56477,5.6114,2.54404,0.42487,21,0,927.111,1007.11,927.111,0,1828,9,380.316,392.719,374.737,0.964912,983,39
RR-small,overloaded,4,259,2086,0.124161,305.737,313.517,95.8726,250,238,0.952,1800,210,169.736,172.782,96.9585,0.937824,311,144,1223.56,1303.56,123.778,0,1800,9,621.316,633.719,87.7895,1,954,57
RR-large,overloaded,4,259,2086,0.124161,312.803,320.583,226.456,250,235,0.94,1772,229,228.549,231.596,228.549,0.92228,410,165,1219.78,1299.78,289.111,0,1772,9,454.877,467.281,209.474,1,696,55
MLFQ,overloaded,4,259,2086,0.124161,297.629,305.409,2.57529,250,208,0.832,1828,184,104.933,107.979,2.08808,0.782383,340,118,1217,1297,3,0,1828,9,804.93,817.333,4.15789,1,1111,57
EDF,overloaded,4,259,2086,0.124161,245.413,253.193,245.34,250,233,0.932,1205,223,214.969,218.016,214.969,0.911917,380,164,967.333,1047.33,967.333,0,1205,9,234.509,246.912,234.175,1,400,50
Hybrid,overloaded,4,259,2086,0.124161,209.22,217,49.5907,250,146,0.584,1379,65,2.96891,6.01554,2.73057,0.46114,14,0,1168.33,1248.33,53.5556,0,1379,9,756.14,768.544,207.632,1,1125,56
FCFS,overloaded,5,230,2057,0.111813,459.887,468.73,459.887,221,212,0.959276,1056,218,456.981,460.037,456.981,0.944099,1031,151,544.333,629.222,544.333,0,940,8,455.017,467.983,455.017,1,1056,59
SJF,overloaded,5,230,2057,0.111813,100.574,109.417,100.574,221,156,0.705882,1807,41,5.88199,8.93789,5.88199,0.645963,29,0,996.889,1081.78,996.889,0,1807,9,220.217,233.183,220.217,0.866667,851,32
SRTF,overloaded,5,230,2057,0.111813,98.9565,107.8,97.6478,221,98,0.443439,1807,41,1.8882,4.9441,1.87578,0.273292,18,0,996.889,1081.78,996.889,0,1807,9,224.733,237.7,219.75,0.9,851,32
RR-small,overloaded,5,230,2057,0.111813,279.074,287.917,74.0304,221,213,0.963801,1742,158,130.609,133.665,73.5839,0.950311,284,89,1292.78,1377.67,91.5556,0,1742,9,525.4,538.367,72.6,1,828,60
RR-large,overloaded,5,230,2057,0.111813,295.352,304.196,197.591,221,212,0.959276,1570,170,195.236,198.292,195.236,0.944099,375,103,1267.67,1352.56,242.667,0,1570,9,418.15,431.117,197.15,1,620,58
MLFQ,overloaded,5,230,2057,0.111813,244.509,253.352,1.67391,221,174,0.78733,1885,78,34.4534,37.5093,1.11801,0.708075,194,9,1299.67,1384.56,1.11111,0,1885,9,649.883,662.85,3.25,1,1188,60
EDF,overloaded,5,230,2057,0.111813,174.809,183.652,174.713,221,207,0.936652,1242,146,129.547,132.602,129.547,0.913043,274,96,1032.22,1117.11,1032.22,0,1242,9,167.65,180.617,167.283,1,299,41
Hybrid,overloaded,5,230,2057,0.111813,189.509,198.352,41.2913,221,109,0.493213,1667,68,1.93789,4.99379,1.73292,0.304348,14,0,1284.33,1369.22,123.111,0,1667,9,528.6,541.567,135.167,1,1018,59
FCFS,overloaded,6,235,1716,0.136946,468.566,475.664,468.566,226,217,0.960177,709,209,470.905,473.945,470.905,0.954774,687,178,307.778,387,307.778,0,586,7,504.926,517.889,504.926,1,709,24
SJF,overloaded,6,235,1716,0.136946,55.5574,62.6553,55.5574,226,171,0.756637,1437,18,12.6432,15.6834,12.6432,0.733668,84,0,831.444,910.667,831.444,0,1437,8,113.222,126.185,113.222,0.925926,375,10
SRTF,overloaded,6,235,1716,0.136946,43.6213,50.7191,39.1447,226,77,0.340708,1437,14,2,5.0402,1.9196,0.281407,25,0,915.222,994.444,831.444,0,1437,9,59.8519,72.8148,49.4074,0.777778,218,5
RR-small,overloaded,6,235,1716,0.136946,168.255,175.353,55.7532,226,215,0.951327,1420,117,96.2714,99.3116,55.5477,0.944724,178,81,1187.11,1266.33,35.8889,0,1420,9,359.185,372.148,63.8889,1,557,27
RR-large,overloaded,6,235,1716,0.136946,212.774,219.872,156.919,226,217,0.960177,1392,191,156.06,159.101,156.06,0.954774,279,158,1109.78,1189,101.667,0,1392,9,331.778,344.741,181.667,1,464,24
MLFQ,overloaded,6,235,1716,0.136946,101.383,108.481,1.21702,226,148,0.654867,1451,36,8.65327,11.6935,0.959799,0.60804,72,0,1231.22,1310.44,0.555556,0,1451,9,408.222,421.185,3.33333,1,919,27
EDF,overloaded,6,235,1716,0.136946,50.2809,57.3787,46.1787,226,151,0.668142,1104,9,10.9095,13.9497,10.8894,0.648241,51,0,959.111,1038.33,856.444,0,1104,9,37.5185,50.4815,36.1852,0.814815,84,0
Hybrid,overloaded,6,235,1716,0.136946,69.3489,76.4468,7.81702,226,117,0.517699,1437,32,3.1407,6.1809,2.87437,0.452261,18,0,1154.11,1233.33,60.2222,0,1437,9,195.741,208.704,26.7778,1,560,23
FCFS,overloaded,7,255,1824,0.139803,420.055,427.208,420.055,247,246,0.995951,801,244,425.629,428.559,425.629,0.99505,801,195,358,442,358,0,743,7,406.067,418.511,406.067,1,795,42
SJF,overloaded,7,255,1824,0.139803,80.4118,87.5647,80.4118,247,182,0.736842,1467,36,10.0644,12.995,10.0644,0.688119,100,0,793.25,877.25,793.25,0,1467,7,269.467,281.911,269.467,0.955556,1058,29
SRTF,overloaded,7,255,1824,0.139803,58.7765,65.9294,52.8118,247,110,0.445344,1467,29,1.92574,4.85644,1.87624,0.341584,20,0,936.5,1020.5,793.25,0,1467,8,157.933,170.378,149.822,0.911111,578,21
RR-small,overloaded,7,255,1824,0.139803,203.592,210.745,67.0235,247,247,1,1525,145,114.604,117.535,67.9109,1,270,93,1155.5,1239.5,64.25,0,1525,8,433.822,446.267,63.5333,1,709,44
RR-large,overloaded,7,255,1824,0.139803,248.361,255.514,183.953,247,246,0.995951,1445,193,186.698,189.629,186.698,0.99505,356,144,1053,1137,167.625,0,1445,8,382.111,394.556,174.533,1,614,41
MLFQ,overloaded,7,255,1824,0.139803,170.137,177.29,1.81569,247,179,0.724696,1619,77,37.1485,40.0792,1.34653,0.663366,205,24,1190.5,1274.5,1,0,1619,8,585.711,598.156,4.06667,1,1109,45
EDF,overloaded,7,255,1824,0.139803,105.11,112.263,100.502,247,228,0.923077,1157,88,73.8267,76.7574,73.8267,0.915842,224,62,952.75,1036.75,809.5,0,1157,8,94.8444,107.289,94.2,0.955556,243,18
Hybrid,overloaded,7,255,1824,0.139803,106.992,114.145,23.7529,247,130,0.526316,1664,51,2.68317,5.61386,2.4604,0.420792,13,0,1137.88,1221.88,48,0,1664,8,391.956,404.4,115.022,1,682,43
FCFS,overloaded,8,249,1474,0.168928,257.129,263.008,257.129,246,238,0.96748,538,207,262.385,265.328,262.385,0.964103,538,164,260.667,344.333,260.667,0,409,3,236.824,249.353,236.824,0.980392,525,40
SJF,overloaded,8,249,1474,0.168928,62.5301,68.4096,62.5301,246,184,0.747967,1214,32,5.95385,8.89744,5.95385,0.702564,28,0,755,838.667,755,0,1214,3,238.118,250.647,238.118,0.921569,1039,29
SRTF,overloaded,8,249,1474,0.168928,60.7671,66.6466,59.1807,246,100,0.406504,1214,37,1.71795,4.66154,1.67692,0.261538,13,0,755,838.667,755,0,1214,3,245.706,258.235,238.118,0.960784,1039,34
RR-small,overloaded,8,249,1474,0.168928,177.056,182.936,62.241,246,241,0.979675,1179,142,106.01,108.954,63.759,0.974359,227,89,827.667,911.333,74.6667,0,1179,3,410.431,422.961,55.7059,1,675,50
RR-large,overloaded,8,249,1474,0.168928,190.329,196.209,149.189,246,239,0.971545,1145,174,151.692,154.636,151.692,0.964103,290,124,816.333,900,175.667,0,1145,3,301.235,313.765,138.059,1,504,47
MLFQ,overloaded,8,249,1474,0.168928,165.289,171.169,1.64257,246,196,0.796748,1205,68,42.5795,45.5231,1.20513,0.74359,173,14,835.667,919.333,1,0,1205,3,595.039,607.569,3.35294,1,997,51
EDF,overloaded,8,249,1474,0.168928,143.807,149.687,143.767,246,235,0.955285,1049,149,132.39,135.333,132.39,0.94359,264,109,757.667,841.333,757.667,0,1049,3,151.353,163.882,151.157,1,284,37
Hybrid,overloaded,8,249,1474,0.168928,113.313,119.193,31.6265,246,129,0.52439,1122,53,2.31795,5.26154,2.14872,0.4,14,0,806,889.667,28.6667,0,1122,3,496.961,509.49,144.51,1,928,50
FCFS,overloaded,9,252,1947,0.12943,390.091,397.599,390.091,243,229,0.942387,950,178,371.157,374.051,371.157,0.929293,950,134,349.333,433.556,349.333,0,754,7,481.556,494.022,481.556,1,943,37
SJF,overloaded,9,252,1947,0.12943,66.7937,74.3016,66.7937,243,183,0.753086,1330,28,9.03535,11.9293,9.03535,0.727273,106,1,811.889,896.111,811.889,0,1330,8,171.911,184.378,171.911,0.866667,682,19
SRTF,overloaded,9,252,1947,0.12943,60.9365,68.4444,55.6667,243,114,0.469136,1330,26,2.80808,5.70202,2.74747,0.378788,27,0,931.333,1015.56,811.889,0,1330,9,142.622,155.089,137.267,0.866667,607,17
RR-small,overloaded,9,252,1947,0.12943,188.667,196.175,56.4008,243,230,0.946502,1357,131,97.2374,100.131,54.1768,0.934343,268,78,1083,1167.22,51.6667,0,1357,9,412.089,424.556,67.1333,1,676,44
RR-large,overloaded,9,252,1947,0.12943,209.27,216.778,145.655,243,227,0.934156,1314,149,139.682,142.576,139.682,0.919192,384,99,1054.89,1139.11,133.667,0,1314,9,346.333,358.8,174.333,1,590,41
MLFQ,overloaded,9,252,1947,0.12943,151.627,159.135,1.80952,243,173,0.711934,1420,62,31.7475,34.6414,1.33838,0.646465,168,8,1194.56,1278.78,1.22222,0,1420,9,470.511,482.978,4,1,868,45
EDF,overloaded,9,252,1947,0.12943,96.2262,103.734,91.7976,243,196,0.806584,1075,88,57.0707,59.9646,57.0707,0.782828,160,60,947.333,1031.56,827.889,0,1075,9,98.2889,110.756,97.3778,0.911111,230,19
Hybrid,overloaded,9,252,1947,0.12943,105.274,112.782,22.9683,243,138,0.567901,1347,53,3.78788,6.68182,3.52525,0.469697,18,0,1131,1215.22,65,0,1347,9,346.667,359.133,100.111,1,657,44
FCFS,overloaded,10,286,1861,0.153681,502.696,509.15,502.696,280,273,0.975,904,241,523.677,526.65,523.677,0.972727,904,187,524.833,600,524.833,0,826,6,423.55,435.9,423.55,0.983333,895,48
SJF,overloaded,10,286,1861,0.153681,127.399,133.853,127.399,280,215,0.767857,1387,51,6.33636,9.30909,6.33636,0.713636,39,0,1090.17,1165.33,1090.17,0,1387,6,475.017,487.367,475.017,0.966667,1160,45
SRTF,overloaded,10,286,1861,0.153681,125.993,132.448,124.818,280,141,0.503571,1387,52,3.01818,5.99091,2.98182,0.377273,39,0,1090.17,1165.33,1090.17,0,1387,6,480.483,492.833,475.017,0.966667,1160,46
RR-small,overloaded,10,286,1861,0.153681,345.399,351.853,124.72,280,275,0.982143,1503,233,221.232,224.205,129.436,0.977273,421,170,1260.33,1335.5,141,0,1503,6,709.183,721.533,105.8,1,1107,57
RR-large,overloaded,10,286,1861,0.153681,356.811,363.266,278.997,280,274,0.978571,1490,248,289.391,292.364,289.391,0.972727,457,187,1260.83,1336,305.333,0,1490,6,513.617,525.967,238.25,1,828,55
MLFQ,overloaded,10,286,1861,0.153681,337.175,343.629,2.52797,280,236,0.842857,1494,194,157.491,160.464,2.01364,0.8,547,128,1256.5,1331.67,1.16667,0,1494,6,904.083,916.433,4.55,1,1416,60
EDF,overloaded,10,286,1861,0.153681,296.605,303.059,296.591,280,272,0.971429,1246,237,281.218,284.191,281.218,0.968182,463,180,1117.33,1192.5,1117.33,0,1246,6,270.95,283.3,270.883,0.983333,474,51
Hybrid,overloaded,10,286,1861,0.153681,199.759,206.213,62.3671,280,174,0.621429,1468,65,4.19091,7.16364,3.94091,0.518182,25,0,1213,1288.17,38.3333,0,1468,6,815.517,827.867,279,1,1202,59
