workload,target_jobs,actual_jobs,policy,rep1_sec,rep2_sec,rep3_sec,median_sec,jobs_per_sec,simulated_ticks,busy_ticks,peak_ready_queue,peak_memory_mb,sanity_passed,status
medium,1000,1014,FCFS,0.000800,0.000431,0.000759,0.000759,1335440.54,6839,5853,58,30.25,true,PASS
medium,1000,1014,SJF,0.000582,0.000544,0.000545,0.000545,1861233.48,6839,5853,22,30.25,true,PASS
medium,1000,1014,SRTF,0.000965,0.000895,0.000920,0.000920,1101934.36,6839,5853,14,30.25,true,PASS
medium,1000,1014,RR,0.000371,0.000348,0.000341,0.000348,2912119.47,6839,5853,36,30.25,true,PASS
medium,1000,1014,MLFQ,0.000410,0.000382,0.000373,0.000382,2650980.39,6839,5853,25,30.25,true,PASS
medium,1000,1014,EDF,0.000871,0.000864,0.000924,0.000871,1163644.71,6839,5853,18,30.25,true,PASS
medium,1000,1014,Hybrid,0.001488,0.000909,0.000951,0.000951,1066582.52,6839,5853,21,30.25,true,PASS
medium,10000,9950,FCFS,0.004874,0.004530,0.004653,0.004653,2138221.52,67109,57573,73,30.25,true,PASS
medium,10000,9950,SJF,0.005698,0.005123,0.004953,0.005123,1942031.81,67109,57573,31,30.25,true,PASS
medium,10000,9950,SRTF,0.008327,0.007696,0.008820,0.008327,1194965.53,67109,57573,19,30.25,true,PASS
medium,10000,9950,RR,0.003155,0.003284,0.003956,0.003284,3029564.90,67109,57573,45,30.25,true,PASS
medium,10000,9950,MLFQ,0.003538,0.003550,0.003488,0.003538,2812005.43,67109,57573,43,30.25,true,PASS
medium,10000,9950,EDF,0.008669,0.008126,0.008286,0.008286,1200878.63,67109,57573,31,30.25,true,PASS
medium,10000,9950,Hybrid,0.009888,0.008880,0.009607,0.009607,1035746.26,67109,57573,28,30.25,true,PASS
medium,100000,99949,FCFS,0.044270,0.039287,0.040037,0.040037,2496390.87,671129,563711,172,62.15,true,PASS
medium,100000,99949,SJF,0.043816,0.043848,0.043757,0.043816,2281096.95,671129,563711,35,62.15,true,PASS
medium,100000,99949,SRTF,0.077670,0.078019,0.077993,0.077993,1281512.44,671129,563711,24,62.15,true,PASS
medium,100000,99949,RR,0.034210,0.034723,0.034825,0.034723,2878458.43,671129,563711,99,63.61,true,PASS
medium,100000,99949,MLFQ,0.035211,0.037385,0.033986,0.035211,2838573.17,671129,563711,64,63.61,true,PASS
medium,100000,99949,EDF,0.081970,0.079445,0.083420,0.081970,1219343.78,671129,563711,35,63.61,true,PASS
medium,100000,99949,Hybrid,0.087007,0.089094,0.084741,0.087007,1148744.01,671129,563711,55,63.61,true,PASS
overloaded,10000,10042,FCFS,0.255053,0.258038,0.258625,0.258038,38916.70,70205,70193,4188,63.61,true,PASS
overloaded,10000,10042,SJF,0.020685,0.021027,0.018919,0.020685,485470.22,70205,70193,831,63.61,true,PASS
overloaded,10000,10042,SRTF,0.087626,0.090983,0.091204,0.090983,110372.27,70205,70193,831,63.61,true,PASS
overloaded,10000,10042,RR,0.007256,0.006428,0.006795,0.006795,1477807.86,70205,70193,2823,63.61,true,PASS
overloaded,10000,10042,MLFQ,0.005500,0.005341,0.006007,0.005500,1825917.78,70205,70193,2152,63.61,true,PASS
overloaded,10000,10042,EDF,0.259029,0.245687,0.250291,0.250291,40121.25,70205,70193,1927,63.61,true,PASS
overloaded,10000,10042,Hybrid,0.019817,0.018273,0.019161,0.019161,524096.32,70205,70193,1676,63.61,true,PASS
