job_id,class,start,end
0,INFER,7,10
1,INFER,10,11
2,INFER,23,26
3,INFER,31,33
4,INFER,33,34
5,PREPROC,34,36
6,PREPROC,36,38
5,PREPROC,38,40
7,INFER,40,42
6,PREPROC,42,44
5,PREPROC,44,46
7,INFER,46,47
6,PREPROC,47,49
5,PREPROC,49,51
6,PREPROC,51,53
5,PREPROC,53,55
6,PREPROC,55,56
8,INFER,56,58
9,INFER,58,60
10,INFER,82,84
11,INFER,84,86
12,INFER,86,87
13,INFER,98,101
14,INFER,106,109
15,INFER,117,119
16,INFER,119,120
15,INFER,120,121
17,PREPROC,134,136
18,PREPROC,136,138
17,PREPROC,138,140
18,PREPROC,140,142
17,PREPROC,142,144
18,PREPROC,144,146
17,PREPROC,146,148
19,INFER,171,174
20,INFER,180,183
21,INFER,193,195
22,INFER,204,206
23,INFER,213,216
24,INFER,226,227
25,INFER,235,236
26,TRAIN,245,277
27,INFER,277,279
26,TRAIN,279,282
28,PREPROC,285,287
29,PREPROC,287,289
28,PREPROC,289,291
30,INFER,291,293
29,PREPROC,293,295
28,PREPROC,295,297
30,INFER,297,298
31,INFER,298,300
29,PREPROC,300,302
28,PREPROC,302,304
32,INFER,304,305
29,PREPROC,305,307
28,PREPROC,307,308
33,INFER,308,310
29,PREPROC,310,312
33,INFER,312,313
34,INFER,320,322
35,INFER,322,324
34,INFER,324,325
35,INFER,325,326
36,INFER,327,330
37,INFER,343,346
