policy,load,class,metric,mean,std,n
EDF,light,inference,avg_response_time,0.120294,0.086298,10
EDF,light,inference,avg_turnaround_time,2.144901,0.163774,10
EDF,light,inference,avg_waiting_time,0.150796,0.095673,10
EDF,light,inference,deadline_miss_rate,0.017780,0.015954,10
EDF,light,inference,max_waiting_time,2.800000,1.686548,10
EDF,light,inference,starved_count,0.000000,0.000000,10
EDF,light,inference,throughput,0.071026,0.007702,10
EDF,light,overall,avg_response_time,1.514133,1.190472,10
EDF,light,overall,avg_turnaround_time,6.698544,2.595193,10
EDF,light,overall,avg_waiting_time,2.245287,1.648905,10
EDF,light,overall,deadline_miss_rate,0.022767,0.019687,10
EDF,light,overall,max_waiting_time,47.300000,39.344772,10
EDF,light,overall,starved_count,0.200000,0.632456,10
EDF,light,overall,throughput,0.088095,0.008984,10
EDF,light,preprocessing,avg_response_time,5.519246,1.132449,10
EDF,light,preprocessing,avg_turnaround_time,14.755913,1.159694,10
EDF,light,preprocessing,avg_waiting_time,6.696171,1.150970,10
EDF,light,preprocessing,deadline_miss_rate,0.044643,0.050878,10
EDF,light,preprocessing,max_waiting_time,18.900000,4.148628,10
EDF,light,preprocessing,starved_count,0.000000,0.000000,10
EDF,light,preprocessing,throughput,0.013293,0.004869,10
EDF,light,training,avg_response_time,8.206190,12.960851,10
EDF,light,training,avg_turnaround_time,53.169762,25.645502,10
EDF,light,training,avg_waiting_time,18.816905,18.274410,10
EDF,light,training,deadline_miss_rate,0.000000,0.000000,10
EDF,light,training,max_waiting_time,42.400000,43.484863,10
EDF,light,training,starved_count,0.200000,0.632456,10
EDF,light,training,throughput,0.003776,0.002410,10
EDF,medium,inference,avg_response_time,7.385223,14.791087,10
EDF,medium,inference,avg_turnaround_time,9.922228,14.805346,10
EDF,medium,inference,avg_waiting_time,7.430857,14.790891,10
EDF,medium,inference,deadline_miss_rate,0.257523,0.170163,10
EDF,medium,inference,max_waiting_time,40.300000,39.109675,10
EDF,medium,inference,starved_count,2.900000,9.170605,10
EDF,medium,inference,throughput,0.113714,0.014993,10
EDF,medium,overall,avg_response_time,15.233009,18.257127,10
EDF,medium,overall,avg_turnaround_time,23.390709,18.141964,10
EDF,medium,overall,avg_waiting_time,17.500713,17.912583,10
EDF,medium,overall,deadline_miss_rate,0.307449,0.187182,10
EDF,medium,overall,max_waiting_time,284.200000,131.241762,10
EDF,medium,overall,starved_count,8.600000,15.392639,10
EDF,medium,overall,throughput,0.144886,0.018116,10
EDF,medium,preprocessing,avg_response_time,25.876433,20.951906,10
EDF,medium,preprocessing,avg_turnaround_time,37.256086,20.734256,10
EDF,medium,preprocessing,avg_waiting_time,27.210948,20.567363,10
EDF,medium,preprocessing,deadline_miss_rate,0.526630,0.203989,10
EDF,medium,preprocessing,max_waiting_time,61.600000,38.207620,10
EDF,medium,preprocessing,starved_count,2.100000,6.640783,10
EDF,medium,preprocessing,throughput,0.025984,0.011625,10
EDF,medium,training,avg_response_time,129.514127,136.667742,10
EDF,medium,training,avg_turnaround_time,240.529444,130.331578,10
EDF,medium,training,avg_waiting_time,182.570079,130.813067,10
EDF,medium,training,deadline_miss_rate,0.000000,0.000000,10
EDF,medium,training,max_waiting_time,284.200000,131.241762,10
EDF,medium,training,starved_count,3.600000,2.170509,10
EDF,medium,training,throughput,0.005188,0.001897,10
EDF,overloaded,inference,avg_response_time,137.206504,79.956238,10
EDF,overloaded,inference,avg_turnaround_time,140.193374,79.964559,10
EDF,overloaded,inference,avg_waiting_time,137.209343,79.953340,10
EDF,overloaded,inference,deadline_miss_rate,0.899528,0.105444,10
EDF,overloaded,inference,max_waiting_time,283.200000,124.003405,10
EDF,overloaded,inference,starved_count,112.800000,58.478486,10
EDF,overloaded,inference,throughput,0.111212,0.020130,10
EDF,overloaded,overall,avg_response_time,164.822920,75.135134,10
EDF,overloaded,overall,avg_turnaround_time,173.238260,73.415883,10
EDF,overloaded,overall,avg_waiting_time,166.185052,73.529539,10
EDF,overloaded,overall,deadline_miss_rate,0.911419,0.099568,10
EDF,overloaded,overall,max_waiting_time,1155.000000,93.245196,10
EDF,overloaded,overall,starved_count,154.200000,73.615820,10
EDF,overloaded,overall,throughput,0.142523,0.021330,10
EDF,overloaded,preprocessing,avg_response_time,159.385636,70.613676,10
EDF,overloaded,preprocessing,avg_turnaround_time,172.493588,70.203356,10
EDF,overloaded,preprocessing,avg_waiting_time,159.904133,70.302744,10
EDF,overloaded,preprocessing,deadline_miss_rate,0.962766,0.058951,10
EDF,overloaded,preprocessing,max_waiting_time,306.700000,112.760365,10
EDF,overloaded,preprocessing,starved_count,34.200000,16.625282,10
EDF,overloaded,preprocessing,throughput,0.027473,0.005392,10
EDF,overloaded,training,avg_response_time,950.122222,129.455824,10
EDF,overloaded,training,avg_turnaround_time,1066.887500,100.266390,10
EDF,overloaded,training,avg_waiting_time,986.658333,102.244141,10
EDF,overloaded,training,deadline_miss_rate,0.000000,0.000000,10
EDF,overloaded,training,max_waiting_time,1155.000000,93.245196,10
EDF,overloaded,training,starved_count,7.200000,2.394438,10
EDF,overloaded,training,throughput,0.003839,0.001112,10
FCFS,light,inference,avg_response_time,6.827161,7.520785,10
FCFS,light,inference,avg_turnaround_time,8.821266,7.542379,10
FCFS,light,inference,avg_waiting_time,6.827161,7.520785,10
FCFS,light,inference,deadline_miss_rate,0.275165,0.149323,10
FCFS,light,inference,max_waiting_time,47.100000,31.278143,10
FCFS,light,inference,starved_count,0.200000,0.632456,10
FCFS,light,inference,throughput,0.071026,0.007702,10
FCFS,light,overall,avg_response_time,7.531905,7.708686,10
FCFS,light,overall,avg_turnaround_time,11.985163,8.608124,10
FCFS,light,overall,avg_waiting_time,7.531905,7.708686,10
FCFS,light,overall,deadline_miss_rate,0.261619,0.139210,10
FCFS,light,overall,max_waiting_time,48.300000,31.397275,10
FCFS,light,overall,starved_count,0.400000,1.264911,10
FCFS,light,overall,throughput,0.088095,0.008984,10
FCFS,light,preprocessing,avg_response_time,12.564087,8.815708,10
FCFS,light,preprocessing,avg_turnaround_time,20.623829,8.881475,10
FCFS,light,preprocessing,avg_waiting_time,12.564087,8.815708,10
FCFS,light,preprocessing,deadline_miss_rate,0.210774,0.148133,10
FCFS,light,preprocessing,max_waiting_time,40.200000,33.108576,10
FCFS,light,preprocessing,starved_count,0.200000,0.632456,10
FCFS,light,preprocessing,throughput,0.013293,0.004869,10
FCFS,light,training,avg_response_time,4.964286,7.654261,10
FCFS,light,training,avg_turnaround_time,39.317143,15.864483,10
FCFS,light,training,avg_waiting_time,4.964286,7.654261,10
FCFS,light,training,deadline_miss_rate,0.000000,0.000000,10
FCFS,light,training,max_waiting_time,16.400000,24.194582,10
FCFS,light,training,starved_count,0.000000,0.000000,10
FCFS,light,training,throughput,0.003776,0.002410,10
FCFS,medium,inference,avg_response_time,66.709774,43.708063,10
FCFS,medium,inference,avg_turnaround_time,69.201146,43.727684,10
FCFS,medium,inference,avg_waiting_time,66.709774,43.708063,10
FCFS,medium,inference,deadline_miss_rate,0.757958,0.206974,10
FCFS,medium,inference,max_waiting_time,177.600000,84.390889,10
FCFS,medium,inference,starved_count,28.800000,26.156792,10
FCFS,medium,inference,throughput,0.113714,0.014993,10
FCFS,medium,overall,avg_response_time,66.386529,43.199599,10
FCFS,medium,overall,avg_turnaround_time,72.276525,43.912567,10
FCFS,medium,overall,avg_waiting_time,66.386529,43.199599,10
FCFS,medium,overall,deadline_miss_rate,0.748100,0.197518,10
FCFS,medium,overall,max_waiting_time,178.000000,84.093863,10
FCFS,medium,overall,starved_count,37.900000,34.980788,10
FCFS,medium,overall,throughput,0.144886,0.018116,10
FCFS,medium,preprocessing,avg_response_time,71.226753,40.734299,10
FCFS,medium,preprocessing,avg_turnaround_time,81.271891,40.883324,10
FCFS,medium,preprocessing,avg_waiting_time,71.226753,40.734299,10
FCFS,medium,preprocessing,deadline_miss_rate,0.721244,0.172945,10
FCFS,medium,preprocessing,max_waiting_time,167.300000,82.868101,10
FCFS,medium,preprocessing,starved_count,8.100000,7.607745,10
FCFS,medium,preprocessing,throughput,0.025984,0.011625,10
FCFS,medium,training,avg_response_time,58.025952,55.331956,10
FCFS,medium,training,avg_turnaround_time,115.985317,54.863808,10
FCFS,medium,training,avg_waiting_time,58.025952,55.331956,10
FCFS,medium,training,deadline_miss_rate,0.000000,0.000000,10
FCFS,medium,training,max_waiting_time,114.900000,89.058595,10
FCFS,medium,training,starved_count,1.000000,1.763834,10
FCFS,medium,training,throughput,0.005188,0.001897,10
FCFS,overloaded,inference,avg_response_time,421.008697,78.543260,10
FCFS,overloaded,inference,avg_turnaround_time,423.992728,78.559166,10
FCFS,overloaded,inference,avg_waiting_time,421.008697,78.543260,10
FCFS,overloaded,inference,deadline_miss_rate,0.964828,0.027417,10
FCFS,overloaded,inference,max_waiting_time,851.400000,183.513972,10
FCFS,overloaded,inference,starved_count,172.100000,19.358891,10
FCFS,overloaded,inference,throughput,0.111212,0.020130,10
FCFS,overloaded,overall,avg_response_time,418.562410,75.726096,10
FCFS,overloaded,overall,avg_turnaround_time,425.615618,76.309306,10
FCFS,overloaded,overall,avg_waiting_time,418.562410,75.726096,10
FCFS,overloaded,overall,deadline_miss_rate,0.967852,0.020882,10
FCFS,overloaded,overall,max_waiting_time,856.100000,184.309794,10
FCFS,overloaded,overall,starved_count,221.700000,22.201351,10
FCFS,overloaded,overall,throughput,0.142523,0.021330,10
FCFS,overloaded,preprocessing,avg_response_time,412.755341,81.670454,10
FCFS,overloaded,preprocessing,avg_turnaround_time,425.344797,81.790383,10
FCFS,overloaded,preprocessing,avg_waiting_time,412.755341,81.670454,10
FCFS,overloaded,preprocessing,deadline_miss_rate,0.979551,0.020926,10
FCFS,overloaded,preprocessing,max_waiting_time,839.100000,177.289124,10
FCFS,overloaded,preprocessing,starved_count,43.200000,9.624044,10
FCFS,overloaded,preprocessing,throughput,0.027473,0.005392,10
FCFS,overloaded,training,avg_response_time,410.944444,121.993008,10
FCFS,overloaded,training,avg_turnaround_time,491.173611,122.155216,10
FCFS,overloaded,training,avg_waiting_time,410.944444,121.993008,10
FCFS,overloaded,training,deadline_miss_rate,0.000000,0.000000,10
FCFS,overloaded,training,max_waiting_time,714.800000,211.225419,10
FCFS,overloaded,training,starved_count,6.400000,1.955050,10
FCFS,overloaded,training,throughput,0.003839,0.001112,10
Hybrid,light,inference,avg_response_time,0.124269,0.088855,10
Hybrid,light,inference,avg_turnaround_time,2.173078,0.179388,10
Hybrid,light,inference,avg_waiting_time,0.178973,0.114308,10
Hybrid,light,inference,deadline_miss_rate,0.022477,0.024867,10
Hybrid,light,inference,max_waiting_time,2.400000,0.843274,10
Hybrid,light,inference,starved_count,0.000000,0.000000,10
Hybrid,light,inference,throughput,0.071026,0.007702,10
Hybrid,light,overall,avg_response_time,0.924630,0.518561,10
Hybrid,light,overall,avg_turnaround_time,7.578893,3.245171,10
Hybrid,light,overall,avg_waiting_time,3.125636,2.324272,10
Hybrid,light,overall,deadline_miss_rate,0.046312,0.030440,10
Hybrid,light,overall,max_waiting_time,58.700000,57.102345,10
Hybrid,light,overall,starved_count,0.400000,0.843274,10
Hybrid,light,overall,throughput,0.088095,0.008984,10
Hybrid,light,preprocessing,avg_response_time,4.305813,1.234124,10
Hybrid,light,preprocessing,avg_turnaround_time,18.445675,1.857213,10
Hybrid,light,preprocessing,avg_waiting_time,10.385933,1.714671,10
Hybrid,light,preprocessing,deadline_miss_rate,0.155317,0.093893,10
Hybrid,light,preprocessing,max_waiting_time,23.000000,5.925463,10
Hybrid,light,preprocessing,starved_count,0.000000,0.000000,10
Hybrid,light,preprocessing,throughput,0.013293,0.004869,10
Hybrid,light,training,avg_response_time,2.357619,3.460654,10
Hybrid,light,training,avg_turnaround_time,57.556429,31.547790,10
Hybrid,light,training,avg_waiting_time,23.203571,25.160973,10
Hybrid,light,training,deadline_miss_rate,0.000000,0.000000,10
Hybrid,light,training,max_waiting_time,52.500000,61.747245,10
Hybrid,light,training,starved_count,0.400000,0.843274,10
Hybrid,light,training,throughput,0.003776,0.002410,10
Hybrid,medium,inference,avg_response_time,0.566384,0.175918,10
Hybrid,medium,inference,avg_turnaround_time,3.214725,0.240011,10
Hybrid,medium,inference,avg_waiting_time,0.723354,0.193660,10
Hybrid,medium,inference,deadline_miss_rate,0.114142,0.042512,10
Hybrid,medium,inference,max_waiting_time,6.100000,2.282786,10
Hybrid,medium,inference,starved_count,0.000000,0.000000,10
Hybrid,medium,inference,throughput,0.113714,0.014993,10
Hybrid,medium,overall,avg_response_time,4.548053,4.707780,10
Hybrid,medium,overall,avg_turnaround_time,27.668160,17.562426,10
Hybrid,medium,overall,avg_waiting_time,21.778164,17.111693,10
Hybrid,medium,overall,deadline_miss_rate,0.250903,0.090065,10
Hybrid,medium,overall,max_waiting_time,380.800000,187.396668,10
Hybrid,medium,overall,starved_count,10.100000,10.969149,10
Hybrid,medium,overall,throughput,0.144886,0.018116,10
Hybrid,medium,preprocessing,avg_response_time,16.689888,16.126682,10
Hybrid,medium,preprocessing,avg_turnaround_time,70.674001,50.374988,10
Hybrid,medium,preprocessing,avg_waiting_time,60.628863,50.194697,10
Hybrid,medium,preprocessing,deadline_miss_rate,0.829663,0.139126,10
Hybrid,medium,preprocessing,max_waiting_time,150.400000,136.165912,10
Hybrid,medium,preprocessing,starved_count,6.300000,10.760525,10
Hybrid,medium,preprocessing,throughput,0.025984,0.011625,10
Hybrid,medium,training,avg_response_time,14.550000,10.090577,10
Hybrid,medium,training,avg_turnaround_time,287.619524,146.786597,10
Hybrid,medium,training,avg_waiting_time,229.660159,147.470600,10
Hybrid,medium,training,deadline_miss_rate,0.000000,0.000000,10
Hybrid,medium,training,max_waiting_time,380.800000,187.396668,10
Hybrid,medium,training,starved_count,3.800000,2.394438,10
Hybrid,medium,training,throughput,0.005188,0.001897,10
Hybrid,overloaded,inference,avg_response_time,2.963437,0.920782,10
Hybrid,overloaded,inference,avg_turnaround_time,6.180293,0.925948,10
Hybrid,overloaded,inference,avg_waiting_time,3.196262,0.926651,10
Hybrid,overloaded,inference,deadline_miss_rate,0.459792,0.086074,10
Hybrid,overloaded,inference,max_waiting_time,17.400000,4.695151,10
Hybrid,overloaded,inference,starved_count,0.000000,0.000000,10
Hybrid,overloaded,inference,throughput,0.111212,0.020130,10
Hybrid,overloaded,overall,avg_response_time,36.017223,15.724407,10
Hybrid,overloaded,overall,avg_turnaround_time,151.221637,47.292326,10
Hybrid,overloaded,overall,avg_waiting_time,144.168429,46.971379,10
Hybrid,overloaded,overall,deadline_miss_rate,0.569310,0.061277,10
Hybrid,overloaded,overall,max_waiting_time,1450.500000,205.459512,10
Hybrid,overloaded,overall,starved_count,56.000000,10.509255,10
Hybrid,overloaded,overall,throughput,0.142523,0.021330,10
Hybrid,overloaded,preprocessing,avg_response_time,158.306849,74.232194,10
Hybrid,overloaded,preprocessing,avg_turnaround_time,550.045675,192.241924,10
Hybrid,overloaded,preprocessing,avg_waiting_time,537.456219,192.348245,10
Hybrid,overloaded,preprocessing,deadline_miss_rate,1.000000,0.000000,10
Hybrid,overloaded,preprocessing,max_waiting_time,948.100000,233.186835,10
Hybrid,overloaded,preprocessing,starved_count,48.800000,10.664583,10
Hybrid,overloaded,preprocessing,throughput,0.027473,0.005392,10
Hybrid,overloaded,training,avg_response_time,53.647222,28.161394,10
Hybrid,overloaded,training,avg_turnaround_time,1225.936111,139.405101,10
Hybrid,overloaded,training,avg_waiting_time,1145.706944,139.859428,10
Hybrid,overloaded,training,deadline_miss_rate,0.000000,0.000000,10
Hybrid,overloaded,training,max_waiting_time,1450.500000,205.459512,10
Hybrid,overloaded,training,starved_count,7.200000,2.394438,10
Hybrid,overloaded,training,throughput,0.003839,0.001112,10
MLFQ,light,inference,avg_response_time,0.147388,0.070514,10
MLFQ,light,inference,avg_turnaround_time,2.643228,0.387144,10
MLFQ,light,inference,avg_waiting_time,0.649123,0.329000,10
MLFQ,light,inference,deadline_miss_rate,0.098852,0.047091,10
MLFQ,light,inference,max_waiting_time,13.300000,6.290204,10
MLFQ,light,inference,starved_count,0.000000,0.000000,10
MLFQ,light,inference,throughput,0.071026,0.007702,10
MLFQ,light,overall,avg_response_time,0.332406,0.130370,10
MLFQ,light,overall,avg_turnaround_time,8.646311,4.122514,10
MLFQ,light,overall,avg_waiting_time,4.193054,3.214255,10
MLFQ,light,overall,deadline_miss_rate,0.126167,0.068505,10
MLFQ,light,overall,max_waiting_time,58.000000,55.539776,10
MLFQ,light,overall,starved_count,0.500000,1.080123,10
MLFQ,light,overall,throughput,0.088095,0.008984,10
MLFQ,light,preprocessing,avg_response_time,1.420476,0.442171,10
MLFQ,light,preprocessing,avg_turnaround_time,21.640833,3.579172,10
MLFQ,light,preprocessing,avg_waiting_time,13.581091,3.557429,10
MLFQ,light,preprocessing,deadline_miss_rate,0.242917,0.188849,10
MLFQ,light,preprocessing,max_waiting_time,27.900000,9.803061,10
MLFQ,light,preprocessing,starved_count,0.000000,0.000000,10
MLFQ,light,preprocessing,throughput,0.013293,0.004869,10
MLFQ,light,training,avg_response_time,0.047619,0.109971,10
MLFQ,light,training,avg_turnaround_time,60.069286,34.422260,10
MLFQ,light,training,avg_waiting_time,25.716429,28.249166,10
MLFQ,light,training,deadline_miss_rate,0.000000,0.000000,10
MLFQ,light,training,max_waiting_time,51.700000,60.210833,10
MLFQ,light,training,starved_count,0.500000,1.080123,10
MLFQ,light,training,throughput,0.003776,0.002410,10
MLFQ,medium,inference,avg_response_time,0.460036,0.174847,10
MLFQ,medium,inference,avg_turnaround_time,6.577416,3.905363,10
MLFQ,medium,inference,avg_waiting_time,4.086045,3.875915,10
MLFQ,medium,inference,deadline_miss_rate,0.276121,0.116428,10
MLFQ,medium,inference,max_waiting_time,43.900000,31.049960,10
MLFQ,medium,inference,starved_count,0.100000,0.316228,10
MLFQ,medium,inference,throughput,0.113714,0.014993,10
MLFQ,medium,overall,avg_response_time,0.810017,0.306440,10
MLFQ,medium,overall,avg_turnaround_time,37.966599,28.683518,10
MLFQ,medium,overall,avg_waiting_time,32.076603,28.275123,10
MLFQ,medium,overall,deadline_miss_rate,0.394106,0.139273,10
MLFQ,medium,overall,max_waiting_time,361.300000,186.686338,10
MLFQ,medium,overall,starved_count,14.600000,13.841965,10
MLFQ,medium,overall,throughput,0.144886,0.018116,10
MLFQ,medium,preprocessing,avg_response_time,2.468433,0.425082,10
MLFQ,medium,preprocessing,avg_turnaround_time,105.785650,79.975680,10
MLFQ,medium,preprocessing,avg_waiting_time,95.740512,79.788589,10
MLFQ,medium,preprocessing,deadline_miss_rate,0.934936,0.048324,10
MLFQ,medium,preprocessing,max_waiting_time,243.100000,201.506796,10
MLFQ,medium,preprocessing,starved_count,10.400000,12.781932,10
MLFQ,medium,preprocessing,throughput,0.025984,0.011625,10
MLFQ,medium,training,avg_response_time,0.286508,0.413113,10
MLFQ,medium,training,avg_turnaround_time,295.796905,151.064419,10
MLFQ,medium,training,avg_waiting_time,237.837540,151.662696,10
MLFQ,medium,training,deadline_miss_rate,0.000000,0.000000,10
MLFQ,medium,training,max_waiting_time,356.200000,179.356132,10
MLFQ,medium,training,starved_count,4.100000,2.643651,10
MLFQ,medium,training,throughput,0.005188,0.001897,10
MLFQ,overloaded,inference,avg_response_time,1.454708,0.446608,10
MLFQ,overloaded,inference,avg_turnaround_time,65.967868,45.422639,10
MLFQ,overloaded,inference,avg_waiting_time,62.983837,45.415053,10
MLFQ,overloaded,inference,deadline_miss_rate,0.727049,0.067642,10
MLFQ,overloaded,inference,max_waiting_time,258.400000,137.062192,10
MLFQ,overloaded,inference,starved_count,51.200000,52.471791,10
MLFQ,overloaded,inference,throughput,0.111212,0.020130,10
MLFQ,overloaded,overall,avg_response_time,1.901740,0.519322,10
MLFQ,overloaded,overall,avg_turnaround_time,221.112517,71.550640,10
MLFQ,overloaded,overall,avg_waiting_time,214.059309,71.456372,10
MLFQ,overloaded,overall,deadline_miss_rate,0.780446,0.062506,10
MLFQ,overloaded,overall,max_waiting_time,1548.100000,236.221389,10
MLFQ,overloaded,overall,starved_count,108.600000,57.242564,10
MLFQ,overloaded,overall,throughput,0.142523,0.021330,10
MLFQ,overloaded,preprocessing,avg_response_time,3.793684,0.829462,10
MLFQ,overloaded,preprocessing,avg_turnaround_time,670.407141,151.956652,10
MLFQ,overloaded,preprocessing,avg_waiting_time,657.817685,152.043422,10
MLFQ,overloaded,preprocessing,deadline_miss_rate,1.000000,0.000000,10
MLFQ,overloaded,preprocessing,max_waiting_time,1115.100000,159.630441,10
MLFQ,overloaded,preprocessing,starved_count,50.200000,9.886017,10
MLFQ,overloaded,preprocessing,throughput,0.027473,0.005392,10
MLFQ,overloaded,training,avg_response_time,1.476389,0.915311,10
MLFQ,overloaded,training,avg_turnaround_time,1267.211111,142.315178,10
MLFQ,overloaded,training,avg_waiting_time,1186.981944,142.650122,10
MLFQ,overloaded,training,deadline_miss_rate,0.000000,0.000000,10
MLFQ,overloaded,training,max_waiting_time,1545.800000,239.918875,10
MLFQ,overloaded,training,starved_count,7.200000,2.394438,10
MLFQ,overloaded,training,throughput,0.003839,0.001112,10
RR-large,light,inference,avg_response_time,3.311142,3.229288,10
RR-large,light,inference,avg_turnaround_time,5.305247,3.256269,10
RR-large,light,inference,avg_waiting_time,3.311142,3.229288,10
RR-large,light,inference,deadline_miss_rate,0.263590,0.147867,10
RR-large,light,inference,max_waiting_time,25.500000,12.825755,10
RR-large,light,inference,starved_count,0.000000,0.000000,10
RR-large,light,inference,throughput,0.071026,0.007702,10
RR-large,light,overall,avg_response_time,3.758406,3.119473,10
RR-large,light,overall,avg_turnaround_time,9.985633,5.845200,10
RR-large,light,overall,avg_waiting_time,5.532376,4.939955,10
RR-large,light,overall,deadline_miss_rate,0.252211,0.135290,10
RR-large,light,overall,max_waiting_time,49.100000,41.511578,10
RR-large,light,overall,starved_count,0.400000,0.966092,10
RR-large,light,overall,throughput,0.088095,0.008984,10
RR-large,light,preprocessing,avg_response_time,7.072302,2.553147,10
RR-large,light,preprocessing,avg_turnaround_time,19.068849,4.307619,10
RR-large,light,preprocessing,avg_waiting_time,11.009107,4.161123,10
RR-large,light,preprocessing,deadline_miss_rate,0.209464,0.148369,10
RR-large,light,preprocessing,max_waiting_time,28.900000,18.905907,10
RR-large,light,preprocessing,starved_count,0.000000,0.000000,10
RR-large,light,preprocessing,throughput,0.013293,0.004869,10
RR-large,light,training,avg_response_time,1.761905,2.953469,10
RR-large,light,training,avg_turnaround_time,55.905000,29.653357,10
RR-large,light,training,avg_waiting_time,21.552143,23.044649,10
RR-large,light,training,deadline_miss_rate,0.000000,0.000000,10
RR-large,light,training,max_waiting_time,43.300000,46.224212,10
RR-large,light,training,starved_count,0.400000,0.966092,10
RR-large,light,training,throughput,0.003776,0.002410,10
RR-large,medium,inference,avg_response_time,29.009873,21.508428,10
RR-large,medium,inference,avg_turnaround_time,31.501244,21.532266,10
RR-large,medium,inference,avg_waiting_time,29.009873,21.508428,10
RR-large,medium,inference,deadline_miss_rate,0.748585,0.215041,10
RR-large,medium,inference,max_waiting_time,82.100000,41.291511,10
RR-large,medium,inference,starved_count,7.200000,15.360845,10
RR-large,medium,inference,throughput,0.113714,0.014993,10
RR-large,medium,overall,avg_response_time,29.596748,21.605469,10
RR-large,medium,overall,avg_turnaround_time,48.745699,31.544649,10
RR-large,medium,overall,avg_waiting_time,42.855703,30.961466,10
RR-large,medium,overall,deadline_miss_rate,0.757874,0.201841,10
RR-large,medium,overall,max_waiting_time,306.800000,174.209835,10
RR-large,medium,overall,starved_count,18.500000,25.799440,10
RR-large,medium,overall,throughput,0.144886,0.018116,10
RR-large,medium,preprocessing,avg_response_time,33.306184,20.049976,10
RR-large,medium,preprocessing,avg_turnaround_time,77.307391,40.081285,10
RR-large,medium,preprocessing,avg_waiting_time,67.262253,39.906612,10
RR-large,medium,preprocessing,deadline_miss_rate,0.834429,0.110344,10
RR-large,medium,preprocessing,max_waiting_time,136.500000,78.981362,10
RR-large,medium,preprocessing,starved_count,7.700000,10.317730,10
RR-large,medium,preprocessing,throughput,0.025984,0.011625,10
RR-large,medium,training,avg_response_time,31.538413,38.231595,10
RR-large,medium,training,avg_turnaround_time,260.630397,149.459675,10
RR-large,medium,training,avg_waiting_time,202.671032,149.950411,10
RR-large,medium,training,deadline_miss_rate,0.000000,0.000000,10
RR-large,medium,training,max_waiting_time,306.800000,174.209835,10
RR-large,medium,training,starved_count,3.600000,2.170509,10
RR-large,medium,training,throughput,0.005188,0.001897,10
RR-large,overloaded,inference,avg_response_time,195.021375,45.043464,10
RR-large,overloaded,inference,avg_turnaround_time,198.005406,45.056704,10
RR-large,overloaded,inference,avg_waiting_time,195.021375,45.043464,10
RR-large,overloaded,inference,deadline_miss_rate,0.963818,0.029011,10
RR-large,overloaded,inference,max_waiting_time,377.300000,60.114798,10
RR-large,overloaded,inference,starved_count,146.900000,30.325823,10
RR-large,overloaded,inference,throughput,0.111212,0.020130,10
RR-large,overloaded,overall,avg_response_time,193.646713,41.614933,10
RR-large,overloaded,overall,avg_turnaround_time,269.715600,54.196397,10
RR-large,overloaded,overall,avg_waiting_time,262.662392,53.911015,10
RR-large,overloaded,overall,deadline_miss_rate,0.970774,0.022513,10
RR-large,overloaded,overall,max_waiting_time,1436.400000,189.745561,10
RR-large,overloaded,overall,starved_count,200.200000,32.200069,10
RR-large,overloaded,overall,throughput,0.142523,0.021330,10
RR-large,overloaded,preprocessing,avg_response_time,188.792405,28.025737,10
RR-large,overloaded,preprocessing,avg_turnaround_time,413.141596,65.605038,10
RR-large,overloaded,preprocessing,avg_waiting_time,400.552140,65.637287,10
RR-large,overloaded,preprocessing,deadline_miss_rate,0.998039,0.006201,10
RR-large,overloaded,preprocessing,max_waiting_time,636.400000,110.609624,10
RR-large,overloaded,preprocessing,starved_count,46.100000,10.016098,10
RR-large,overloaded,preprocessing,throughput,0.027473,0.005392,10
RR-large,overloaded,training,avg_response_time,200.919444,64.632752,10
RR-large,overloaded,training,avg_turnaround_time,1216.394444,144.205768,10
RR-large,overloaded,training,avg_waiting_time,1136.165278,145.390595,10
RR-large,overloaded,training,deadline_miss_rate,0.000000,0.000000,10
RR-large,overloaded,training,max_waiting_time,1436.400000,189.745561,10
RR-large,overloaded,training,starved_count,7.200000,2.394438,10
RR-large,overloaded,training,throughput,0.003839,0.001112,10
RR-small,light,inference,avg_response_time,1.028400,0.971077,10
RR-small,light,inference,avg_turnaround_time,3.626726,1.499472,10
RR-small,light,inference,avg_waiting_time,1.632621,1.473046,10
RR-small,light,inference,deadline_miss_rate,0.233455,0.146489,10
RR-small,light,inference,max_waiting_time,13.400000,7.486284,10
RR-small,light,inference,starved_count,0.000000,0.000000,10
RR-small,light,inference,throughput,0.071026,0.007702,10
RR-small,light,overall,avg_response_time,1.140664,0.933426,10
RR-small,light,overall,avg_turnaround_time,9.328503,4.894493,10
RR-small,light,overall,avg_waiting_time,4.875246,3.991834,10
RR-small,light,overall,deadline_miss_rate,0.234452,0.144925,10
RR-small,light,overall,max_waiting_time,52.000000,46.228899,10
RR-small,light,overall,starved_count,0.400000,0.966092,10
RR-small,light,overall,throughput,0.088095,0.008984,10
RR-small,light,preprocessing,avg_response_time,2.088294,0.847941,10
RR-small,light,preprocessing,avg_turnaround_time,22.146925,4.449864,10
RR-small,light,preprocessing,avg_waiting_time,14.087183,4.371920,10
RR-small,light,preprocessing,deadline_miss_rate,0.242302,0.191950,10
RR-small,light,preprocessing,max_waiting_time,27.200000,14.972568,10
RR-small,light,preprocessing,starved_count,0.000000,0.000000,10
RR-small,light,preprocessing,throughput,0.013293,0.004869,10
RR-small,light,training,avg_response_time,0.414286,0.714127,10
RR-small,light,training,avg_turnaround_time,58.219524,31.879326,10
RR-small,light,training,avg_waiting_time,23.866667,25.427598,10
RR-small,light,training,deadline_miss_rate,0.000000,0.000000,10
RR-small,light,training,max_waiting_time,47.000000,50.376361,10
RR-small,light,training,starved_count,0.400000,0.966092,10
RR-small,light,training,throughput,0.003776,0.002410,10
RR-small,medium,inference,avg_response_time,10.330677,8.517224,10
RR-small,medium,inference,avg_turnaround_time,18.406326,13.202561,10
RR-small,medium,inference,avg_waiting_time,15.914955,13.176664,10
RR-small,medium,inference,deadline_miss_rate,0.719912,0.235696,10
RR-small,medium,inference,max_waiting_time,54.700000,34.954097,10
RR-small,medium,inference,starved_count,1.500000,4.743416,10
RR-small,medium,inference,throughput,0.113714,0.014993,10
RR-small,medium,overall,avg_response_time,10.458460,8.574671,10
RR-small,medium,overall,avg_turnaround_time,41.188957,27.560256,10
RR-small,medium,overall,avg_waiting_time,35.298961,27.057372,10
RR-small,medium,overall,deadline_miss_rate,0.750949,0.220462,10
RR-small,medium,overall,max_waiting_time,325.200000,175.927889,10
RR-small,medium,overall,starved_count,14.200000,16.185041,10
RR-small,medium,overall,throughput,0.144886,0.018116,10
RR-small,medium,preprocessing,avg_response_time,11.152501,8.184920,10
RR-small,medium,preprocessing,avg_turnaround_time,84.677285,47.749491,10
RR-small,medium,preprocessing,avg_waiting_time,74.632148,47.568256,10
RR-small,medium,preprocessing,deadline_miss_rate,0.938177,0.101047,10
RR-small,medium,preprocessing,max_waiting_time,138.400000,84.255168,10
RR-small,medium,preprocessing,starved_count,8.800000,11.811482,10
RR-small,medium,preprocessing,throughput,0.025984,0.011625,10
RR-small,medium,training,avg_response_time,11.909444,14.668754,10
RR-small,medium,training,avg_turnaround_time,276.251190,150.529892,10
RR-small,medium,training,avg_waiting_time,218.291825,151.022966,10
RR-small,medium,training,deadline_miss_rate,0.000000,0.000000,10
RR-small,medium,training,max_waiting_time,325.200000,175.927889,10
RR-small,medium,training,starved_count,3.900000,2.424413,10
RR-small,medium,training,throughput,0.005188,0.001897,10
RR-small,overloaded,inference,avg_response_time,78.833582,22.787748,10
RR-small,overloaded,inference,avg_turnaround_time,139.007202,39.088400,10
RR-small,overloaded,inference,avg_waiting_time,136.023171,39.075424,10
RR-small,overloaded,inference,deadline_miss_rate,0.968894,0.025482,10
RR-small,overloaded,inference,max_waiting_time,283.900000,65.069962,10
RR-small,overloaded,inference,starved_count,113.800000,33.168928,10
RR-small,overloaded,inference,throughput,0.111212,0.020130,10
RR-small,overloaded,overall,avg_response_time,78.055178,21.286631,10
RR-small,overloaded,overall,avg_turnaround_time,246.304435,60.035773,10
RR-small,overloaded,overall,avg_waiting_time,239.251227,59.800823,10
RR-small,overloaded,overall,deadline_miss_rate,0.975092,0.020578,10
RR-small,overloaded,overall,max_waiting_time,1490.800000,210.566326,10
RR-small,overloaded,overall,starved_count,169.900000,38.338985,10
RR-small,overloaded,overall,throughput,0.142523,0.021330,10
RR-small,overloaded,preprocessing,avg_response_time,75.011345,14.736301,10
RR-small,overloaded,preprocessing,avg_turnaround_time,517.815004,110.928428,10
RR-small,overloaded,preprocessing,avg_waiting_time,505.225548,110.994515,10
RR-small,overloaded,preprocessing,deadline_miss_rate,1.000000,0.000000,10
RR-small,overloaded,preprocessing,max_waiting_time,798.800000,165.815024,10
RR-small,overloaded,preprocessing,starved_count,48.900000,9.492102,10
RR-small,overloaded,preprocessing,throughput,0.027473,0.005392,10
RR-small,overloaded,training,avg_response_time,82.663889,31.227654,10
RR-small,overloaded,training,avg_turnaround_time,1245.077778,142.677168,10
RR-small,overloaded,training,avg_waiting_time,1164.848611,143.468499,10
RR-small,overloaded,training,deadline_miss_rate,0.000000,0.000000,10
RR-small,overloaded,training,max_waiting_time,1490.800000,210.566326,10
RR-small,overloaded,training,starved_count,7.200000,2.394438,10
RR-small,overloaded,training,throughput,0.003839,0.001112,10
SJF,light,inference,avg_response_time,3.141304,2.504517,10
SJF,light,inference,avg_turnaround_time,5.135409,2.518901,10
SJF,light,inference,avg_waiting_time,3.141304,2.504517,10
SJF,light,inference,deadline_miss_rate,0.234342,0.136706,10
SJF,light,inference,max_waiting_time,30.600000,11.749232,10
SJF,light,inference,starved_count,0.000000,0.000000,10
SJF,light,inference,throughput,0.071026,0.007702,10
SJF,light,overall,avg_response_time,4.445070,3.282299,10
SJF,light,overall,avg_turnaround_time,8.898327,4.253397,10
SJF,light,overall,avg_waiting_time,4.445070,3.282299,10
SJF,light,overall,deadline_miss_rate,0.226323,0.122016,10
SJF,light,overall,max_waiting_time,43.800000,24.943492,10
SJF,light,overall,starved_count,0.100000,0.316228,10
SJF,light,overall,throughput,0.088095,0.008984,10
SJF,light,preprocessing,avg_response_time,9.727897,4.645164,10
SJF,light,preprocessing,avg_turnaround_time,17.787639,4.751933,10
SJF,light,preprocessing,avg_waiting_time,9.727897,4.645164,10
SJF,light,preprocessing,deadline_miss_rate,0.215357,0.176194,10
SJF,light,preprocessing,max_waiting_time,28.100000,11.985640,10
SJF,light,preprocessing,starved_count,0.000000,0.000000,10
SJF,light,preprocessing,throughput,0.013293,0.004869,10
SJF,light,training,avg_response_time,8.156190,12.850785,10
SJF,light,training,avg_turnaround_time,42.509048,19.704404,10
SJF,light,training,avg_waiting_time,8.156190,12.850785,10
SJF,light,training,deadline_miss_rate,0.000000,0.000000,10
SJF,light,training,max_waiting_time,25.600000,36.255881,10
SJF,light,training,starved_count,0.100000,0.316228,10
SJF,light,training,throughput,0.003776,0.002410,10
SJF,medium,inference,avg_response_time,11.497398,4.318745,10
SJF,medium,inference,avg_turnaround_time,13.988769,4.311197,10
SJF,medium,inference,avg_waiting_time,11.497398,4.318745,10
SJF,medium,inference,deadline_miss_rate,0.599270,0.160961,10
SJF,medium,inference,max_waiting_time,71.600000,12.312595,10
SJF,medium,inference,starved_count,0.000000,0.000000,10
SJF,medium,inference,throughput,0.113714,0.014993,10
SJF,medium,overall,avg_response_time,23.584246,10.542962,10
SJF,medium,overall,avg_turnaround_time,29.474242,11.284739,10
SJF,medium,overall,avg_waiting_time,23.584246,10.542962,10
SJF,medium,overall,deadline_miss_rate,0.607318,0.155029,10
SJF,medium,overall,max_waiting_time,293.100000,188.976454,10
SJF,medium,overall,starved_count,7.000000,5.395471,10
SJF,medium,overall,throughput,0.144886,0.018116,10
SJF,medium,preprocessing,avg_response_time,54.360728,22.436873,10
SJF,medium,preprocessing,avg_turnaround_time,64.405866,22.556493,10
SJF,medium,preprocessing,avg_waiting_time,54.360728,22.436873,10
SJF,medium,preprocessing,deadline_miss_rate,0.666520,0.121576,10
SJF,medium,preprocessing,max_waiting_time,170.900000,90.483209,10
SJF,medium,preprocessing,starved_count,4.800000,4.541170,10
SJF,medium,preprocessing,throughput,0.025984,0.011625,10
SJF,medium,training,avg_response_time,127.178571,136.886854,10
SJF,medium,training,avg_turnaround_time,185.137937,136.512152,10
SJF,medium,training,avg_waiting_time,127.178571,136.886854,10
SJF,medium,training,deadline_miss_rate,0.000000,0.000000,10
SJF,medium,training,max_waiting_time,284.600000,200.911368,10
SJF,medium,training,starved_count,2.200000,1.932184,10
SJF,medium,training,throughput,0.005188,0.001897,10
SJF,overloaded,inference,avg_response_time,7.783274,2.212735,10
SJF,overloaded,inference,avg_turnaround_time,10.767305,2.208631,10
SJF,overloaded,inference,avg_waiting_time,7.783274,2.212735,10
SJF,overloaded,inference,deadline_miss_rate,0.718128,0.042313,10
SJF,overloaded,inference,max_waiting_time,52.700000,31.087868,10
SJF,overloaded,inference,starved_count,0.100000,0.316228,10
SJF,overloaded,inference,throughput,0.111212,0.020130,10
SJF,overloaded,overall,avg_response_time,87.281101,23.880799,10
SJF,overloaded,overall,avg_turnaround_time,94.334309,24.128397,10
SJF,overloaded,overall,avg_waiting_time,87.281101,23.880799,10
SJF,overloaded,overall,deadline_miss_rate,0.755904,0.032017,10
SJF,overloaded,overall,max_waiting_time,1438.800000,217.229423,10
SJF,overloaded,overall,starved_count,36.800000,9.807027,10
SJF,overloaded,overall,throughput,0.142523,0.021330,10
SJF,overloaded,preprocessing,avg_response_time,275.990764,108.980733,10
SJF,overloaded,preprocessing,avg_turnaround_time,288.580220,108.837338,10
SJF,overloaded,preprocessing,avg_waiting_time,275.990764,108.980733,10
SJF,overloaded,preprocessing,deadline_miss_rate,0.905929,0.037466,10
SJF,overloaded,preprocessing,max_waiting_time,946.100000,247.197829,10
SJF,overloaded,preprocessing,starved_count,29.800000,10.379467,10
SJF,overloaded,preprocessing,throughput,0.027473,0.005392,10
SJF,overloaded,training,avg_response_time,928.858333,127.112440,10
SJF,overloaded,training,avg_turnaround_time,1009.087500,124.685187,10
SJF,overloaded,training,avg_waiting_time,928.858333,127.112440,10
SJF,overloaded,training,deadline_miss_rate,0.000000,0.000000,10
SJF,overloaded,training,max_waiting_time,1438.800000,217.229423,10
SJF,overloaded,training,starved_count,6.900000,2.233582,10
SJF,overloaded,training,throughput,0.003839,0.001112,10
SRTF,light,inference,avg_response_time,0.169518,0.102464,10
SRTF,light,inference,avg_turnaround_time,2.167520,0.173899,10
SRTF,light,inference,avg_waiting_time,0.173415,0.104269,10
SRTF,light,inference,deadline_miss_rate,0.031738,0.021621,10
SRTF,light,inference,max_waiting_time,2.800000,0.918937,10
SRTF,light,inference,starved_count,0.000000,0.000000,10
SRTF,light,inference,throughput,0.071026,0.007702,10
SRTF,light,overall,avg_response_time,1.489407,1.127217,10
SRTF,light,overall,avg_turnaround_time,6.632386,2.531246,10
SRTF,light,overall,avg_waiting_time,2.179129,1.583581,10
SRTF,light,overall,deadline_miss_rate,0.036734,0.024725,10
SRTF,light,overall,max_waiting_time,46.200000,37.036919,10
SRTF,light,overall,starved_count,0.200000,0.632456,10
SRTF,light,overall,throughput,0.088095,0.008984,10
SRTF,light,preprocessing,avg_response_time,5.538155,1.051426,10
SRTF,light,preprocessing,avg_turnaround_time,14.652421,1.193759,10
SRTF,light,preprocessing,avg_waiting_time,6.592679,1.161298,10
SRTF,light,preprocessing,deadline_miss_rate,0.057341,0.056509,10
SRTF,light,preprocessing,max_waiting_time,19.600000,5.699903,10
SRTF,light,preprocessing,starved_count,0.000000,0.000000,10
SRTF,light,preprocessing,throughput,0.013293,0.004869,10
SRTF,light,training,avg_response_time,7.256190,11.432319,10
SRTF,light,training,avg_turnaround_time,52.190000,24.450151,10
SRTF,light,training,avg_waiting_time,17.837143,16.797170,10
SRTF,light,training,deadline_miss_rate,0.000000,0.000000,10
SRTF,light,training,max_waiting_time,41.300000,41.263516,10
SRTF,light,training,starved_count,0.200000,0.632456,10
SRTF,light,training,throughput,0.003776,0.002410,10
SRTF,medium,inference,avg_response_time,0.582313,0.199599,10
SRTF,medium,inference,avg_turnaround_time,3.109151,0.241675,10
SRTF,medium,inference,avg_waiting_time,0.617779,0.205843,10
SRTF,medium,inference,deadline_miss_rate,0.109051,0.051643,10
SRTF,medium,inference,max_waiting_time,7.200000,2.573368,10
SRTF,medium,inference,starved_count,0.000000,0.000000,10
SRTF,medium,inference,throughput,0.113714,0.014993,10
SRTF,medium,overall,avg_response_time,10.927234,9.891330,10
SRTF,medium,overall,avg_turnaround_time,19.142275,10.608467,10
SRTF,medium,overall,avg_waiting_time,13.252279,10.117032,10
SRTF,medium,overall,deadline_miss_rate,0.181585,0.085425,10
SRTF,medium,overall,max_waiting_time,323.200000,186.128271,10
SRTF,medium,overall,starved_count,5.300000,5.165054,10
SRTF,medium,overall,throughput,0.144886,0.018116,10
SRTF,medium,preprocessing,avg_response_time,29.562205,26.788135,10
SRTF,medium,preprocessing,avg_turnaround_time,41.992245,27.471440,10
SRTF,medium,preprocessing,avg_waiting_time,31.947107,27.299504,10
SRTF,medium,preprocessing,deadline_miss_rate,0.479177,0.157940,10
SRTF,medium,preprocessing,max_waiting_time,124.800000,110.414170,10
SRTF,medium,preprocessing,starved_count,2.200000,4.917090,10
SRTF,medium,preprocessing,throughput,0.025984,0.011625,10
SRTF,medium,training,avg_response_time,125.534127,136.901991,10
SRTF,medium,training,avg_turnaround_time,231.260397,132.568394,10
SRTF,medium,training,avg_waiting_time,173.301032,133.065586,10
SRTF,medium,training,deadline_miss_rate,0.000000,0.000000,10
SRTF,medium,training,max_waiting_time,323.200000,186.128271,10
SRTF,medium,training,starved_count,3.100000,2.024846,10
SRTF,medium,training,throughput,0.005188,0.001897,10
SRTF,overloaded,inference,avg_response_time,2.357936,0.583253,10
SRTF,overloaded,inference,avg_turnaround_time,5.385804,0.591606,10
SRTF,overloaded,inference,avg_waiting_time,2.401773,0.586419,10
SRTF,overloaded,inference,deadline_miss_rate,0.350540,0.061376,10
SRTF,overloaded,inference,max_waiting_time,23.600000,7.720104,10
SRTF,overloaded,inference,starved_count,0.000000,0.000000,10
SRTF,overloaded,inference,throughput,0.111212,0.020130,10
SRTF,overloaded,overall,avg_response_time,79.441256,28.619555,10
SRTF,overloaded,overall,avg_turnaround_time,89.130073,27.452597,10
SRTF,overloaded,overall,avg_waiting_time,82.076865,27.249608,10
SRTF,overloaded,overall,deadline_miss_rate,0.465052,0.059857,10
SRTF,overloaded,overall,max_waiting_time,1438.800000,217.229423,10
SRTF,overloaded,overall,starved_count,36.400000,11.335294,10
SRTF,overloaded,overall,throughput,0.142523,0.021330,10
SRTF,overloaded,preprocessing,avg_response_time,253.627535,129.142347,10
SRTF,overloaded,preprocessing,avg_turnaround_time,273.719149,128.541401,10
SRTF,overloaded,preprocessing,avg_waiting_time,261.129693,128.664268,10
SRTF,overloaded,preprocessing,deadline_miss_rate,0.915803,0.058150,10
SRTF,overloaded,preprocessing,max_waiting_time,874.900000,311.172853,10
SRTF,overloaded,preprocessing,starved_count,29.200000,12.452577,10
SRTF,overloaded,preprocessing,throughput,0.027473,0.005392,10
SRTF,overloaded,training,avg_response_time,928.858333,127.112440,10
SRTF,overloaded,training,avg_turnaround_time,1043.734722,99.145410,10
SRTF,overloaded,training,avg_waiting_time,963.505556,101.161795,10
SRTF,overloaded,training,deadline_miss_rate,0.000000,0.000000,10
SRTF,overloaded,training,max_waiting_time,1438.800000,217.229423,10
SRTF,overloaded,training,starved_count,7.200000,2.394438,10
SRTF,overloaded,training,throughput,0.003839,0.001112,10
